[2024-07-20T18:33:33.871+0000] {manager.py:470} INFO - Processing files using up to 2 processes at a time 
[2024-07-20T18:33:33.871+0000] {manager.py:471} INFO - Process each file at most once every 30 seconds
[2024-07-20T18:33:33.872+0000] {manager.py:472} INFO - Checking for new files in /opt/airflow/dags every 300 seconds
[2024-07-20T18:33:33.872+0000] {manager.py:737} INFO - Searching for files in /opt/airflow/dags
[2024-07-20T18:33:33.876+0000] {manager.py:740} INFO - There are 1 files in /opt/airflow/dags
[2024-07-20T18:33:33.938+0000] {manager.py:878} INFO - 
================================================================================
DAG File Processing Stats

File Path                        PID  Runtime      # DAGs    # Errors  Last Runtime    Last Run
-----------------------------  -----  ---------  --------  ----------  --------------  ----------
/opt/airflow/dags/pipeline.py    164  0.03s             0           0
================================================================================
[2024-07-20T18:34:04.062+0000] {manager.py:878} INFO - 
================================================================================
DAG File Processing Stats

File Path                      PID    Runtime      # DAGs    # Errors  Last Runtime    Last Run
-----------------------------  -----  ---------  --------  ----------  --------------  -------------------
/opt/airflow/dags/pipeline.py                           0           1  8.47s           2024-07-20T18:33:42
================================================================================
[2024-07-20T18:34:34.181+0000] {manager.py:878} INFO - 
================================================================================
DAG File Processing Stats

File Path                      PID    Runtime      # DAGs    # Errors  Last Runtime    Last Run
-----------------------------  -----  ---------  --------  ----------  --------------  -------------------
/opt/airflow/dags/pipeline.py                           0           1  0.56s           2024-07-20T18:34:13
================================================================================
[2024-07-20T18:35:04.789+0000] {manager.py:878} INFO - 
================================================================================
DAG File Processing Stats

File Path                      PID    Runtime      # DAGs    # Errors  Last Runtime    Last Run
-----------------------------  -----  ---------  --------  ----------  --------------  -------------------
/opt/airflow/dags/pipeline.py                           0           1  0.44s           2024-07-20T18:34:43
================================================================================
[2024-07-20T18:35:35.023+0000] {manager.py:878} INFO - 
================================================================================
DAG File Processing Stats

File Path                      PID    Runtime      # DAGs    # Errors  Last Runtime    Last Run
-----------------------------  -----  ---------  --------  ----------  --------------  -------------------
/opt/airflow/dags/pipeline.py                           0           1  0.42s           2024-07-20T18:35:14
================================================================================
[2024-07-20T18:36:05.192+0000] {manager.py:878} INFO - 
================================================================================
DAG File Processing Stats

File Path                      PID    Runtime      # DAGs    # Errors  Last Runtime    Last Run
-----------------------------  -----  ---------  --------  ----------  --------------  -------------------
/opt/airflow/dags/pipeline.py                           0           1  0.65s           2024-07-20T18:35:45
================================================================================
[2024-07-20T18:36:35.380+0000] {manager.py:878} INFO - 
================================================================================
DAG File Processing Stats

File Path                      PID    Runtime      # DAGs    # Errors  Last Runtime    Last Run
-----------------------------  -----  ---------  --------  ----------  --------------  -------------------
/opt/airflow/dags/pipeline.py                           0           1  0.56s           2024-07-20T18:36:15
================================================================================
[2024-07-20T18:37:05.586+0000] {manager.py:878} INFO - 
================================================================================
DAG File Processing Stats

File Path                      PID    Runtime      # DAGs    # Errors  Last Runtime    Last Run
-----------------------------  -----  ---------  --------  ----------  --------------  -------------------
/opt/airflow/dags/pipeline.py                           0           1  0.47s           2024-07-20T18:36:46
================================================================================
[2024-07-20T18:37:36.272+0000] {manager.py:878} INFO - 
================================================================================
DAG File Processing Stats

File Path                      PID    Runtime      # DAGs    # Errors  Last Runtime    Last Run
-----------------------------  -----  ---------  --------  ----------  --------------  -------------------
/opt/airflow/dags/pipeline.py                           0           1  0.81s           2024-07-20T18:37:17
================================================================================
[2024-07-20T18:38:06.303+0000] {manager.py:878} INFO - 
================================================================================
DAG File Processing Stats

File Path                      PID    Runtime      # DAGs    # Errors  Last Runtime    Last Run
-----------------------------  -----  ---------  --------  ----------  --------------  -------------------
/opt/airflow/dags/pipeline.py                           0           1  0.56s           2024-07-20T18:37:48
================================================================================
[2024-07-20T18:38:33.890+0000] {manager.py:737} INFO - Searching for files in /opt/airflow/dags
[2024-07-20T18:38:33.899+0000] {manager.py:740} INFO - There are 1 files in /opt/airflow/dags
[2024-07-20T18:38:36.412+0000] {manager.py:878} INFO - 
================================================================================
DAG File Processing Stats

File Path                      PID    Runtime      # DAGs    # Errors  Last Runtime    Last Run
-----------------------------  -----  ---------  --------  ----------  --------------  -------------------
/opt/airflow/dags/pipeline.py                           0           1  0.92s           2024-07-20T18:38:19
================================================================================
[2024-07-20T18:39:06.583+0000] {manager.py:878} INFO - 
================================================================================
DAG File Processing Stats

File Path                      PID    Runtime      # DAGs    # Errors  Last Runtime    Last Run
-----------------------------  -----  ---------  --------  ----------  --------------  -------------------
/opt/airflow/dags/pipeline.py                           0           1  0.53s           2024-07-20T18:38:50
================================================================================
[2024-07-20T18:39:36.793+0000] {manager.py:878} INFO - 
================================================================================
DAG File Processing Stats

File Path                      PID    Runtime      # DAGs    # Errors  Last Runtime    Last Run
-----------------------------  -----  ---------  --------  ----------  --------------  -------------------
/opt/airflow/dags/pipeline.py                           0           1  0.53s           2024-07-20T18:39:20
================================================================================
[2024-07-20T18:40:06.979+0000] {manager.py:878} INFO - 
================================================================================
DAG File Processing Stats

File Path                      PID    Runtime      # DAGs    # Errors  Last Runtime    Last Run
-----------------------------  -----  ---------  --------  ----------  --------------  -------------------
/opt/airflow/dags/pipeline.py                           0           1  0.53s           2024-07-20T18:39:51
================================================================================
[2024-07-20T18:40:37.205+0000] {manager.py:878} INFO - 
================================================================================
DAG File Processing Stats

File Path                      PID    Runtime      # DAGs    # Errors  Last Runtime    Last Run
-----------------------------  -----  ---------  --------  ----------  --------------  -------------------
/opt/airflow/dags/pipeline.py                           0           1  0.52s           2024-07-20T18:40:22
================================================================================
[2024-07-20T18:41:07.408+0000] {manager.py:878} INFO - 
================================================================================
DAG File Processing Stats

File Path                      PID    Runtime      # DAGs    # Errors  Last Runtime    Last Run
-----------------------------  -----  ---------  --------  ----------  --------------  -------------------
/opt/airflow/dags/pipeline.py                           0           1  0.72s           2024-07-20T18:40:53
================================================================================
[2024-07-20T18:41:37.679+0000] {manager.py:878} INFO - 
================================================================================
DAG File Processing Stats

File Path                      PID    Runtime      # DAGs    # Errors  Last Runtime    Last Run
-----------------------------  -----  ---------  --------  ----------  --------------  -------------------
/opt/airflow/dags/pipeline.py                           0           1  0.54s           2024-07-20T18:41:23
================================================================================
[2024-07-20T18:42:08.080+0000] {manager.py:878} INFO - 
================================================================================
DAG File Processing Stats

File Path                      PID    Runtime      # DAGs    # Errors  Last Runtime    Last Run
-----------------------------  -----  ---------  --------  ----------  --------------  -------------------
/opt/airflow/dags/pipeline.py                           0           1  0.50s           2024-07-20T18:41:54
================================================================================
[2024-07-20T18:42:38.274+0000] {manager.py:878} INFO - 
================================================================================
DAG File Processing Stats

File Path                      PID    Runtime      # DAGs    # Errors  Last Runtime    Last Run
-----------------------------  -----  ---------  --------  ----------  --------------  -------------------
/opt/airflow/dags/pipeline.py                           0           1  0.54s           2024-07-20T18:42:25
================================================================================
[2024-07-20T18:43:08.473+0000] {manager.py:878} INFO - 
================================================================================
DAG File Processing Stats

File Path                      PID    Runtime      # DAGs    # Errors  Last Runtime    Last Run
-----------------------------  -----  ---------  --------  ----------  --------------  -------------------
/opt/airflow/dags/pipeline.py                           0           1  0.80s           2024-07-20T18:42:56
================================================================================
[2024-07-20T18:43:34.099+0000] {manager.py:737} INFO - Searching for files in /opt/airflow/dags
[2024-07-20T18:43:34.128+0000] {manager.py:740} INFO - There are 1 files in /opt/airflow/dags
[2024-07-20T18:43:38.634+0000] {manager.py:878} INFO - 
================================================================================
DAG File Processing Stats

File Path                      PID    Runtime      # DAGs    # Errors  Last Runtime    Last Run
-----------------------------  -----  ---------  --------  ----------  --------------  -------------------
/opt/airflow/dags/pipeline.py                           0           1  0.70s           2024-07-20T18:43:27
================================================================================
[2024-07-20T18:44:08.828+0000] {manager.py:878} INFO - 
================================================================================
DAG File Processing Stats

File Path                      PID    Runtime      # DAGs    # Errors  Last Runtime    Last Run
-----------------------------  -----  ---------  --------  ----------  --------------  -------------------
/opt/airflow/dags/pipeline.py                           0           1  0.55s           2024-07-20T18:43:57
================================================================================
[2024-07-20T18:44:39.068+0000] {manager.py:878} INFO - 
================================================================================
DAG File Processing Stats

File Path                      PID    Runtime      # DAGs    # Errors  Last Runtime    Last Run
-----------------------------  -----  ---------  --------  ----------  --------------  -------------------
/opt/airflow/dags/pipeline.py                           0           1  1.13s           2024-07-20T18:44:29
================================================================================
[2024-07-20T18:45:09.283+0000] {manager.py:878} INFO - 
================================================================================
DAG File Processing Stats

File Path                      PID    Runtime      # DAGs    # Errors  Last Runtime    Last Run
-----------------------------  -----  ---------  --------  ----------  --------------  -------------------
/opt/airflow/dags/pipeline.py                           0           1  0.64s           2024-07-20T18:44:59
================================================================================
[2024-07-20T18:45:39.675+0000] {manager.py:878} INFO - 
================================================================================
DAG File Processing Stats

File Path                      PID    Runtime      # DAGs    # Errors  Last Runtime    Last Run
-----------------------------  -----  ---------  --------  ----------  --------------  -------------------
/opt/airflow/dags/pipeline.py                           0           1  0.28s           2024-07-20T18:45:37
================================================================================
[2024-07-20T18:46:10.050+0000] {manager.py:878} INFO - 
================================================================================
DAG File Processing Stats

File Path                      PID    Runtime      # DAGs    # Errors  Last Runtime    Last Run
-----------------------------  -----  ---------  --------  ----------  --------------  -------------------
/opt/airflow/dags/pipeline.py                           0           1  0.49s           2024-07-20T18:46:08
================================================================================
[2024-07-20T18:46:40.593+0000] {manager.py:878} INFO - 
================================================================================
DAG File Processing Stats

File Path                      PID    Runtime      # DAGs    # Errors  Last Runtime    Last Run
-----------------------------  -----  ---------  --------  ----------  --------------  -------------------
/opt/airflow/dags/pipeline.py                           0           1  0.13s           2024-07-20T18:46:38
================================================================================
[2024-07-20T18:47:10.774+0000] {manager.py:878} INFO - 
================================================================================
DAG File Processing Stats

File Path                      PID    Runtime      # DAGs    # Errors  Last Runtime    Last Run
-----------------------------  -----  ---------  --------  ----------  --------------  -------------------
/opt/airflow/dags/pipeline.py                           0           1  0.08s           2024-07-20T18:47:08
================================================================================
[2024-07-20T18:47:41.025+0000] {manager.py:878} INFO - 
================================================================================
DAG File Processing Stats

File Path                      PID    Runtime      # DAGs    # Errors  Last Runtime    Last Run
-----------------------------  -----  ---------  --------  ----------  --------------  -------------------
/opt/airflow/dags/pipeline.py                           0           1  0.16s           2024-07-20T18:47:39
================================================================================
[2024-07-20T18:48:11.225+0000] {manager.py:878} INFO - 
================================================================================
DAG File Processing Stats

File Path                      PID    Runtime      # DAGs    # Errors  Last Runtime    Last Run
-----------------------------  -----  ---------  --------  ----------  --------------  -------------------
/opt/airflow/dags/pipeline.py                           0           1  0.10s           2024-07-20T18:48:09
================================================================================
[2024-07-20T18:48:34.359+0000] {manager.py:737} INFO - Searching for files in /opt/airflow/dags
[2024-07-20T18:48:34.363+0000] {manager.py:740} INFO - There are 1 files in /opt/airflow/dags
[2024-07-20T18:48:41.462+0000] {manager.py:878} INFO - 
================================================================================
DAG File Processing Stats

File Path                      PID    Runtime      # DAGs    # Errors  Last Runtime    Last Run
-----------------------------  -----  ---------  --------  ----------  --------------  -------------------
/opt/airflow/dags/pipeline.py                           0           1  0.08s           2024-07-20T18:48:39
================================================================================
[2024-07-20T18:49:11.685+0000] {manager.py:878} INFO - 
================================================================================
DAG File Processing Stats

File Path                      PID    Runtime      # DAGs    # Errors  Last Runtime    Last Run
-----------------------------  -----  ---------  --------  ----------  --------------  -------------------
/opt/airflow/dags/pipeline.py                           0           1  0.10s           2024-07-20T18:49:09
================================================================================
[2024-07-20T18:49:41.961+0000] {manager.py:878} INFO - 
================================================================================
DAG File Processing Stats

File Path                      PID    Runtime      # DAGs    # Errors  Last Runtime    Last Run
-----------------------------  -----  ---------  --------  ----------  --------------  -------------------
/opt/airflow/dags/pipeline.py                           0           1  0.10s           2024-07-20T18:49:40
================================================================================
[2024-07-20T18:50:12.195+0000] {manager.py:878} INFO - 
================================================================================
DAG File Processing Stats

File Path                      PID    Runtime      # DAGs    # Errors  Last Runtime    Last Run
-----------------------------  -----  ---------  --------  ----------  --------------  -------------------
/opt/airflow/dags/pipeline.py                           0           1  0.06s           2024-07-20T18:50:10
================================================================================
[2024-07-20T18:50:42.377+0000] {manager.py:878} INFO - 
================================================================================
DAG File Processing Stats

File Path                      PID    Runtime      # DAGs    # Errors  Last Runtime    Last Run
-----------------------------  -----  ---------  --------  ----------  --------------  -------------------
/opt/airflow/dags/pipeline.py                           0           1  0.06s           2024-07-20T18:50:40
================================================================================
[2024-07-20T18:51:12.592+0000] {manager.py:878} INFO - 
================================================================================
DAG File Processing Stats

File Path                      PID    Runtime      # DAGs    # Errors  Last Runtime    Last Run
-----------------------------  -----  ---------  --------  ----------  --------------  -------------------
/opt/airflow/dags/pipeline.py                           0           1  0.12s           2024-07-20T18:51:10
================================================================================
[2024-07-20T18:51:42.836+0000] {manager.py:878} INFO - 
================================================================================
DAG File Processing Stats

File Path                      PID    Runtime      # DAGs    # Errors  Last Runtime    Last Run
-----------------------------  -----  ---------  --------  ----------  --------------  -------------------
/opt/airflow/dags/pipeline.py                           0           1  0.09s           2024-07-20T18:51:40
================================================================================
[2024-07-20T18:52:13.010+0000] {manager.py:878} INFO - 
================================================================================
DAG File Processing Stats

File Path                      PID    Runtime      # DAGs    # Errors  Last Runtime    Last Run
-----------------------------  -----  ---------  --------  ----------  --------------  -------------------
/opt/airflow/dags/pipeline.py                           0           1  0.07s           2024-07-20T18:52:11
================================================================================
[2024-07-20T18:52:43.203+0000] {manager.py:878} INFO - 
================================================================================
DAG File Processing Stats

File Path                      PID    Runtime      # DAGs    # Errors  Last Runtime    Last Run
-----------------------------  -----  ---------  --------  ----------  --------------  -------------------
/opt/airflow/dags/pipeline.py                           0           1  0.08s           2024-07-20T18:52:41
================================================================================
[2024-07-20T18:53:13.413+0000] {manager.py:878} INFO - 
================================================================================
DAG File Processing Stats

File Path                      PID    Runtime      # DAGs    # Errors  Last Runtime    Last Run
-----------------------------  -----  ---------  --------  ----------  --------------  -------------------
/opt/airflow/dags/pipeline.py                           0           1  0.14s           2024-07-20T18:53:11
================================================================================
[2024-07-20T18:53:34.546+0000] {manager.py:737} INFO - Searching for files in /opt/airflow/dags
[2024-07-20T18:53:34.549+0000] {manager.py:740} INFO - There are 1 files in /opt/airflow/dags
[2024-07-20T18:53:43.672+0000] {manager.py:878} INFO - 
================================================================================
DAG File Processing Stats

File Path                      PID    Runtime      # DAGs    # Errors  Last Runtime    Last Run
-----------------------------  -----  ---------  --------  ----------  --------------  -------------------
/opt/airflow/dags/pipeline.py                           0           1  0.08s           2024-07-20T18:53:41
================================================================================
[2024-07-20T18:54:13.886+0000] {manager.py:878} INFO - 
================================================================================
DAG File Processing Stats

File Path                      PID    Runtime      # DAGs    # Errors  Last Runtime    Last Run
-----------------------------  -----  ---------  --------  ----------  --------------  -------------------
/opt/airflow/dags/pipeline.py                           0           1  0.08s           2024-07-20T18:54:11
================================================================================
[2024-07-20T18:54:44.104+0000] {manager.py:878} INFO - 
================================================================================
DAG File Processing Stats

File Path                      PID    Runtime      # DAGs    # Errors  Last Runtime    Last Run
-----------------------------  -----  ---------  --------  ----------  --------------  -------------------
/opt/airflow/dags/pipeline.py                           0           1  0.08s           2024-07-20T18:54:42
================================================================================
[2024-07-20T18:55:14.308+0000] {manager.py:878} INFO - 
================================================================================
DAG File Processing Stats

File Path                      PID    Runtime      # DAGs    # Errors  Last Runtime    Last Run
-----------------------------  -----  ---------  --------  ----------  --------------  -------------------
/opt/airflow/dags/pipeline.py                           0           1  0.08s           2024-07-20T18:55:12
================================================================================
[2024-07-20T18:55:44.532+0000] {manager.py:878} INFO - 
================================================================================
DAG File Processing Stats

File Path                      PID    Runtime      # DAGs    # Errors  Last Runtime    Last Run
-----------------------------  -----  ---------  --------  ----------  --------------  -------------------
/opt/airflow/dags/pipeline.py                           0           1  0.13s           2024-07-20T18:55:42
================================================================================
[2024-07-20T18:56:14.804+0000] {manager.py:878} INFO - 
================================================================================
DAG File Processing Stats

File Path                      PID    Runtime      # DAGs    # Errors  Last Runtime    Last Run
-----------------------------  -----  ---------  --------  ----------  --------------  -------------------
/opt/airflow/dags/pipeline.py                           0           1  0.17s           2024-07-20T18:56:12
================================================================================
[2024-07-20T18:56:45.011+0000] {manager.py:878} INFO - 
================================================================================
DAG File Processing Stats

File Path                      PID    Runtime      # DAGs    # Errors  Last Runtime    Last Run
-----------------------------  -----  ---------  --------  ----------  --------------  -------------------
/opt/airflow/dags/pipeline.py                           0           1  0.07s           2024-07-20T18:56:43
================================================================================
[2024-07-20T18:57:15.222+0000] {manager.py:878} INFO - 
================================================================================
DAG File Processing Stats

File Path                      PID    Runtime      # DAGs    # Errors  Last Runtime    Last Run
-----------------------------  -----  ---------  --------  ----------  --------------  -------------------
/opt/airflow/dags/pipeline.py                           0           1  0.08s           2024-07-20T18:57:13
================================================================================
[2024-07-20T18:57:45.447+0000] {manager.py:878} INFO - 
================================================================================
DAG File Processing Stats

File Path                      PID    Runtime      # DAGs    # Errors  Last Runtime    Last Run
-----------------------------  -----  ---------  --------  ----------  --------------  -------------------
/opt/airflow/dags/pipeline.py                           0           1  0.07s           2024-07-20T18:57:43
================================================================================
[2024-07-20T18:58:15.655+0000] {manager.py:878} INFO - 
================================================================================
DAG File Processing Stats

File Path                      PID    Runtime      # DAGs    # Errors  Last Runtime    Last Run
-----------------------------  -----  ---------  --------  ----------  --------------  -------------------
/opt/airflow/dags/pipeline.py                           0           1  0.08s           2024-07-20T18:58:13
================================================================================
[2024-07-20T18:58:34.777+0000] {manager.py:737} INFO - Searching for files in /opt/airflow/dags
[2024-07-20T18:58:34.786+0000] {manager.py:740} INFO - There are 1 files in /opt/airflow/dags
[2024-07-20T18:58:45.907+0000] {manager.py:878} INFO - 
================================================================================
DAG File Processing Stats

File Path                      PID    Runtime      # DAGs    # Errors  Last Runtime    Last Run
-----------------------------  -----  ---------  --------  ----------  --------------  -------------------
/opt/airflow/dags/pipeline.py                           0           1  0.12s           2024-07-20T18:58:43
================================================================================
[2024-07-20T18:59:16.180+0000] {manager.py:878} INFO - 
================================================================================
DAG File Processing Stats

File Path                      PID    Runtime      # DAGs    # Errors  Last Runtime    Last Run
-----------------------------  -----  ---------  --------  ----------  --------------  -------------------
/opt/airflow/dags/pipeline.py                           0           1  0.11s           2024-07-20T18:59:14
================================================================================
[2024-07-20T18:59:46.370+0000] {manager.py:878} INFO - 
================================================================================
DAG File Processing Stats

File Path                      PID    Runtime      # DAGs    # Errors  Last Runtime    Last Run
-----------------------------  -----  ---------  --------  ----------  --------------  -------------------
/opt/airflow/dags/pipeline.py                           0           1  0.08s           2024-07-20T18:59:44
================================================================================
[2024-07-20T19:00:16.602+0000] {manager.py:878} INFO - 
================================================================================
DAG File Processing Stats

File Path                      PID    Runtime      # DAGs    # Errors  Last Runtime    Last Run
-----------------------------  -----  ---------  --------  ----------  --------------  -------------------
/opt/airflow/dags/pipeline.py                           0           1  0.13s           2024-07-20T19:00:14
================================================================================
[2024-07-20T19:00:46.823+0000] {manager.py:878} INFO - 
================================================================================
DAG File Processing Stats

File Path                      PID    Runtime      # DAGs    # Errors  Last Runtime    Last Run
-----------------------------  -----  ---------  --------  ----------  --------------  -------------------
/opt/airflow/dags/pipeline.py                           0           1  0.09s           2024-07-20T19:00:44
================================================================================
[2024-07-20T19:01:17.026+0000] {manager.py:878} INFO - 
================================================================================
DAG File Processing Stats

File Path                      PID    Runtime      # DAGs    # Errors  Last Runtime    Last Run
-----------------------------  -----  ---------  --------  ----------  --------------  -------------------
/opt/airflow/dags/pipeline.py                           0           1  0.10s           2024-07-20T19:01:15
================================================================================
[2024-07-20T19:01:47.267+0000] {manager.py:878} INFO - 
================================================================================
DAG File Processing Stats

File Path                      PID    Runtime      # DAGs    # Errors  Last Runtime    Last Run
-----------------------------  -----  ---------  --------  ----------  --------------  -------------------
/opt/airflow/dags/pipeline.py                           0           1  0.06s           2024-07-20T19:01:45
================================================================================
[2024-07-20T19:02:17.510+0000] {manager.py:878} INFO - 
================================================================================
DAG File Processing Stats

File Path                      PID    Runtime      # DAGs    # Errors  Last Runtime    Last Run
-----------------------------  -----  ---------  --------  ----------  --------------  -------------------
/opt/airflow/dags/pipeline.py                           0           1  0.09s           2024-07-20T19:02:15
================================================================================
[2024-07-20T19:02:47.736+0000] {manager.py:878} INFO - 
================================================================================
DAG File Processing Stats

File Path                      PID    Runtime      # DAGs    # Errors  Last Runtime    Last Run
-----------------------------  -----  ---------  --------  ----------  --------------  -------------------
/opt/airflow/dags/pipeline.py                           0           1  0.07s           2024-07-20T19:02:45
================================================================================
[2024-07-20T19:03:17.966+0000] {manager.py:878} INFO - 
================================================================================
DAG File Processing Stats

File Path                      PID    Runtime      # DAGs    # Errors  Last Runtime    Last Run
-----------------------------  -----  ---------  --------  ----------  --------------  -------------------
/opt/airflow/dags/pipeline.py                           0           1  0.07s           2024-07-20T19:03:15
================================================================================
[2024-07-20T19:03:35.079+0000] {manager.py:737} INFO - Searching for files in /opt/airflow/dags
[2024-07-20T19:03:35.085+0000] {manager.py:740} INFO - There are 1 files in /opt/airflow/dags
[2024-07-20T19:03:48.185+0000] {manager.py:878} INFO - 
================================================================================
DAG File Processing Stats

File Path                      PID    Runtime      # DAGs    # Errors  Last Runtime    Last Run
-----------------------------  -----  ---------  --------  ----------  --------------  -------------------
/opt/airflow/dags/pipeline.py                           0           1  0.08s           2024-07-20T19:03:46
================================================================================
[2024-07-20T19:04:18.395+0000] {manager.py:878} INFO - 
================================================================================
DAG File Processing Stats

File Path                      PID    Runtime      # DAGs    # Errors  Last Runtime    Last Run
-----------------------------  -----  ---------  --------  ----------  --------------  -------------------
/opt/airflow/dags/pipeline.py                           0           1  0.07s           2024-07-20T19:04:16
================================================================================
[2024-07-20T19:04:48.587+0000] {manager.py:878} INFO - 
================================================================================
DAG File Processing Stats

File Path                      PID    Runtime      # DAGs    # Errors  Last Runtime    Last Run
-----------------------------  -----  ---------  --------  ----------  --------------  -------------------
/opt/airflow/dags/pipeline.py                           0           1  0.07s           2024-07-20T19:04:46
================================================================================
[2024-07-20T19:05:18.773+0000] {manager.py:878} INFO - 
================================================================================
DAG File Processing Stats

File Path                      PID    Runtime      # DAGs    # Errors  Last Runtime    Last Run
-----------------------------  -----  ---------  --------  ----------  --------------  -------------------
/opt/airflow/dags/pipeline.py                           0           1  0.08s           2024-07-20T19:05:16
================================================================================
[2024-07-20T19:05:48.999+0000] {manager.py:878} INFO - 
================================================================================
DAG File Processing Stats

File Path                      PID    Runtime      # DAGs    # Errors  Last Runtime    Last Run
-----------------------------  -----  ---------  --------  ----------  --------------  -------------------
/opt/airflow/dags/pipeline.py                           0           1  0.11s           2024-07-20T19:05:47
================================================================================
[2024-07-20T19:06:19.225+0000] {manager.py:878} INFO - 
================================================================================
DAG File Processing Stats

File Path                      PID    Runtime      # DAGs    # Errors  Last Runtime    Last Run
-----------------------------  -----  ---------  --------  ----------  --------------  -------------------
/opt/airflow/dags/pipeline.py                           0           1  0.08s           2024-07-20T19:06:17
================================================================================
[2024-07-20T19:06:49.398+0000] {manager.py:878} INFO - 
================================================================================
DAG File Processing Stats

File Path                      PID    Runtime      # DAGs    # Errors  Last Runtime    Last Run
-----------------------------  -----  ---------  --------  ----------  --------------  -------------------
/opt/airflow/dags/pipeline.py                           0           1  0.06s           2024-07-20T19:06:47
================================================================================
[2024-07-20T19:07:19.581+0000] {manager.py:878} INFO - 
================================================================================
DAG File Processing Stats

File Path                      PID    Runtime      # DAGs    # Errors  Last Runtime    Last Run
-----------------------------  -----  ---------  --------  ----------  --------------  -------------------
/opt/airflow/dags/pipeline.py                           0           1  0.09s           2024-07-20T19:07:17
================================================================================
[2024-07-20T19:07:49.782+0000] {manager.py:878} INFO - 
================================================================================
DAG File Processing Stats

File Path                      PID    Runtime      # DAGs    # Errors  Last Runtime    Last Run
-----------------------------  -----  ---------  --------  ----------  --------------  -------------------
/opt/airflow/dags/pipeline.py                           0           1  0.07s           2024-07-20T19:07:47
================================================================================
[2024-07-20T19:08:19.990+0000] {manager.py:878} INFO - 
================================================================================
DAG File Processing Stats

File Path                      PID    Runtime      # DAGs    # Errors  Last Runtime    Last Run
-----------------------------  -----  ---------  --------  ----------  --------------  -------------------
/opt/airflow/dags/pipeline.py                           0           1  0.09s           2024-07-20T19:08:18
================================================================================
[2024-07-20T19:08:35.147+0000] {manager.py:737} INFO - Searching for files in /opt/airflow/dags
[2024-07-20T19:08:35.156+0000] {manager.py:740} INFO - There are 1 files in /opt/airflow/dags
[2024-07-20T19:08:50.255+0000] {manager.py:878} INFO - 
================================================================================
DAG File Processing Stats

File Path                      PID    Runtime      # DAGs    # Errors  Last Runtime    Last Run
-----------------------------  -----  ---------  --------  ----------  --------------  -------------------
/opt/airflow/dags/pipeline.py                           0           1  0.11s           2024-07-20T19:08:48
================================================================================
[2024-07-20T19:09:20.441+0000] {manager.py:878} INFO - 
================================================================================
DAG File Processing Stats

File Path                      PID    Runtime      # DAGs    # Errors  Last Runtime    Last Run
-----------------------------  -----  ---------  --------  ----------  --------------  -------------------
/opt/airflow/dags/pipeline.py                           0           1  0.37s           2024-07-20T19:09:18
================================================================================
[2024-07-20T19:09:50.978+0000] {manager.py:878} INFO - 
================================================================================
DAG File Processing Stats

File Path                      PID    Runtime      # DAGs    # Errors  Last Runtime    Last Run
-----------------------------  -----  ---------  --------  ----------  --------------  -------------------
/opt/airflow/dags/pipeline.py                           0           1  0.06s           2024-07-20T19:09:49
================================================================================
[2024-07-20T19:10:21.209+0000] {manager.py:878} INFO - 
================================================================================
DAG File Processing Stats

File Path                      PID    Runtime      # DAGs    # Errors  Last Runtime    Last Run
-----------------------------  -----  ---------  --------  ----------  --------------  -------------------
/opt/airflow/dags/pipeline.py                           0           1  0.11s           2024-07-20T19:10:19
================================================================================
[2024-07-20T19:10:51.401+0000] {manager.py:878} INFO - 
================================================================================
DAG File Processing Stats

File Path                      PID    Runtime      # DAGs    # Errors  Last Runtime    Last Run
-----------------------------  -----  ---------  --------  ----------  --------------  -------------------
/opt/airflow/dags/pipeline.py                           0           1  0.06s           2024-07-20T19:10:49
================================================================================
[2024-07-20T19:11:21.607+0000] {manager.py:878} INFO - 
================================================================================
DAG File Processing Stats

File Path                      PID    Runtime      # DAGs    # Errors  Last Runtime    Last Run
-----------------------------  -----  ---------  --------  ----------  --------------  -------------------
/opt/airflow/dags/pipeline.py                           0           1  0.10s           2024-07-20T19:11:19
================================================================================
[2024-07-20T19:11:51.817+0000] {manager.py:878} INFO - 
================================================================================
DAG File Processing Stats

File Path                      PID    Runtime      # DAGs    # Errors  Last Runtime    Last Run
-----------------------------  -----  ---------  --------  ----------  --------------  -------------------
/opt/airflow/dags/pipeline.py                           0           1  0.08s           2024-07-20T19:11:49
================================================================================
[2024-07-20T19:12:22.018+0000] {manager.py:878} INFO - 
================================================================================
DAG File Processing Stats

File Path                      PID    Runtime      # DAGs    # Errors  Last Runtime    Last Run
-----------------------------  -----  ---------  --------  ----------  --------------  -------------------
/opt/airflow/dags/pipeline.py                           0           1  0.08s           2024-07-20T19:12:20
================================================================================
[2024-07-20T19:12:52.225+0000] {manager.py:878} INFO - 
================================================================================
DAG File Processing Stats

File Path                      PID    Runtime      # DAGs    # Errors  Last Runtime    Last Run
-----------------------------  -----  ---------  --------  ----------  --------------  -------------------
/opt/airflow/dags/pipeline.py                           0           1  0.09s           2024-07-20T19:12:50
================================================================================
[2024-07-20T19:13:22.455+0000] {manager.py:878} INFO - 
================================================================================
DAG File Processing Stats

File Path                      PID    Runtime      # DAGs    # Errors  Last Runtime    Last Run
-----------------------------  -----  ---------  --------  ----------  --------------  -------------------
/opt/airflow/dags/pipeline.py                           0           1  0.09s           2024-07-20T19:13:20
================================================================================
[2024-07-20T19:13:35.542+0000] {manager.py:737} INFO - Searching for files in /opt/airflow/dags
[2024-07-20T19:13:35.560+0000] {manager.py:740} INFO - There are 1 files in /opt/airflow/dags
[2024-07-20T19:13:52.690+0000] {manager.py:878} INFO - 
================================================================================
DAG File Processing Stats

File Path                      PID    Runtime      # DAGs    # Errors  Last Runtime    Last Run
-----------------------------  -----  ---------  --------  ----------  --------------  -------------------
/opt/airflow/dags/pipeline.py                           0           1  0.11s           2024-07-20T19:13:50
================================================================================
[2024-07-20T19:14:22.966+0000] {manager.py:878} INFO - 
================================================================================
DAG File Processing Stats

File Path                      PID    Runtime      # DAGs    # Errors  Last Runtime    Last Run
-----------------------------  -----  ---------  --------  ----------  --------------  -------------------
/opt/airflow/dags/pipeline.py                           0           1  0.09s           2024-07-20T19:14:20
================================================================================
[2024-07-20T19:14:53.208+0000] {manager.py:878} INFO - 
================================================================================
DAG File Processing Stats

File Path                      PID    Runtime      # DAGs    # Errors  Last Runtime    Last Run
-----------------------------  -----  ---------  --------  ----------  --------------  -------------------
/opt/airflow/dags/pipeline.py                           0           1  0.09s           2024-07-20T19:14:51
================================================================================
[2024-07-20T19:15:23.431+0000] {manager.py:878} INFO - 
================================================================================
DAG File Processing Stats

File Path                      PID    Runtime      # DAGs    # Errors  Last Runtime    Last Run
-----------------------------  -----  ---------  --------  ----------  --------------  -------------------
/opt/airflow/dags/pipeline.py                           0           1  0.13s           2024-07-20T19:15:21
================================================================================
[2024-07-20T19:15:53.698+0000] {manager.py:878} INFO - 
================================================================================
DAG File Processing Stats

File Path                      PID    Runtime      # DAGs    # Errors  Last Runtime    Last Run
-----------------------------  -----  ---------  --------  ----------  --------------  -------------------
/opt/airflow/dags/pipeline.py                           0           1  0.12s           2024-07-20T19:15:51
================================================================================
[2024-07-20T19:16:23.885+0000] {manager.py:878} INFO - 
================================================================================
DAG File Processing Stats

File Path                      PID    Runtime      # DAGs    # Errors  Last Runtime    Last Run
-----------------------------  -----  ---------  --------  ----------  --------------  -------------------
/opt/airflow/dags/pipeline.py                           0           1  0.10s           2024-07-20T19:16:21
================================================================================
[2024-07-20T19:16:54.121+0000] {manager.py:878} INFO - 
================================================================================
DAG File Processing Stats

File Path                      PID    Runtime      # DAGs    # Errors  Last Runtime    Last Run
-----------------------------  -----  ---------  --------  ----------  --------------  -------------------
/opt/airflow/dags/pipeline.py                           0           1  0.09s           2024-07-20T19:16:52
================================================================================
[2024-07-20T19:17:24.327+0000] {manager.py:878} INFO - 
================================================================================
DAG File Processing Stats

File Path                      PID    Runtime      # DAGs    # Errors  Last Runtime    Last Run
-----------------------------  -----  ---------  --------  ----------  --------------  -------------------
/opt/airflow/dags/pipeline.py                           0           1  0.07s           2024-07-20T19:17:22
================================================================================
[2024-07-20T19:17:54.532+0000] {manager.py:878} INFO - 
================================================================================
DAG File Processing Stats

File Path                      PID    Runtime      # DAGs    # Errors  Last Runtime    Last Run
-----------------------------  -----  ---------  --------  ----------  --------------  -------------------
/opt/airflow/dags/pipeline.py                           0           1  0.07s           2024-07-20T19:17:52
================================================================================
[2024-07-20T19:18:24.756+0000] {manager.py:878} INFO - 
================================================================================
DAG File Processing Stats

File Path                      PID    Runtime      # DAGs    # Errors  Last Runtime    Last Run
-----------------------------  -----  ---------  --------  ----------  --------------  -------------------
/opt/airflow/dags/pipeline.py                           0           1  0.12s           2024-07-20T19:18:22
================================================================================
[2024-07-20T19:18:35.827+0000] {manager.py:737} INFO - Searching for files in /opt/airflow/dags
[2024-07-20T19:18:35.835+0000] {manager.py:740} INFO - There are 1 files in /opt/airflow/dags
[2024-07-20T19:18:55.012+0000] {manager.py:878} INFO - 
================================================================================
DAG File Processing Stats

File Path                      PID    Runtime      # DAGs    # Errors  Last Runtime    Last Run
-----------------------------  -----  ---------  --------  ----------  --------------  -------------------
/opt/airflow/dags/pipeline.py                           0           1  0.11s           2024-07-20T19:18:53
================================================================================
[2024-07-20T19:19:25.194+0000] {manager.py:878} INFO - 
================================================================================
DAG File Processing Stats

File Path                      PID    Runtime      # DAGs    # Errors  Last Runtime    Last Run
-----------------------------  -----  ---------  --------  ----------  --------------  -------------------
/opt/airflow/dags/pipeline.py                           0           1  0.07s           2024-07-20T19:19:23
================================================================================
[2024-07-20T19:19:55.414+0000] {manager.py:878} INFO - 
================================================================================
DAG File Processing Stats

File Path                      PID    Runtime      # DAGs    # Errors  Last Runtime    Last Run
-----------------------------  -----  ---------  --------  ----------  --------------  -------------------
/opt/airflow/dags/pipeline.py                           0           1  0.10s           2024-07-20T19:19:53
================================================================================
[2024-07-20T19:20:25.654+0000] {manager.py:878} INFO - 
================================================================================
DAG File Processing Stats

File Path                      PID    Runtime      # DAGs    # Errors  Last Runtime    Last Run
-----------------------------  -----  ---------  --------  ----------  --------------  -------------------
/opt/airflow/dags/pipeline.py                           0           1  0.14s           2024-07-20T19:20:23
================================================================================
[2024-07-20T19:20:55.904+0000] {manager.py:878} INFO - 
================================================================================
DAG File Processing Stats

File Path                      PID    Runtime      # DAGs    # Errors  Last Runtime    Last Run
-----------------------------  -----  ---------  --------  ----------  --------------  -------------------
/opt/airflow/dags/pipeline.py                           0           1  0.08s           2024-07-20T19:20:53
================================================================================
[2024-07-20T19:21:26.098+0000] {manager.py:878} INFO - 
================================================================================
DAG File Processing Stats

File Path                      PID    Runtime      # DAGs    # Errors  Last Runtime    Last Run
-----------------------------  -----  ---------  --------  ----------  --------------  -------------------
/opt/airflow/dags/pipeline.py                           0           1  0.08s           2024-07-20T19:21:24
================================================================================
[2024-07-20T19:21:56.345+0000] {manager.py:878} INFO - 
================================================================================
DAG File Processing Stats

File Path                      PID    Runtime      # DAGs    # Errors  Last Runtime    Last Run
-----------------------------  -----  ---------  --------  ----------  --------------  -------------------
/opt/airflow/dags/pipeline.py                           0           1  0.22s           2024-07-20T19:21:54
================================================================================
[2024-07-20T19:22:26.675+0000] {manager.py:878} INFO - 
================================================================================
DAG File Processing Stats

File Path                      PID    Runtime      # DAGs    # Errors  Last Runtime    Last Run
-----------------------------  -----  ---------  --------  ----------  --------------  -------------------
/opt/airflow/dags/pipeline.py                           0           1  0.13s           2024-07-20T19:22:24
================================================================================
[2024-07-20T19:22:56.901+0000] {manager.py:878} INFO - 
================================================================================
DAG File Processing Stats

File Path                      PID    Runtime      # DAGs    # Errors  Last Runtime    Last Run
-----------------------------  -----  ---------  --------  ----------  --------------  -------------------
/opt/airflow/dags/pipeline.py                           0           1  0.08s           2024-07-20T19:22:54
================================================================================
[2024-07-20T19:23:27.159+0000] {manager.py:878} INFO - 
================================================================================
DAG File Processing Stats

File Path                      PID    Runtime      # DAGs    # Errors  Last Runtime    Last Run
-----------------------------  -----  ---------  --------  ----------  --------------  -------------------
/opt/airflow/dags/pipeline.py                           0           1  0.09s           2024-07-20T19:23:25
================================================================================
[2024-07-20T19:23:36.208+0000] {manager.py:737} INFO - Searching for files in /opt/airflow/dags
[2024-07-20T19:23:36.224+0000] {manager.py:740} INFO - There are 1 files in /opt/airflow/dags
[2024-07-20T19:23:57.415+0000] {manager.py:878} INFO - 
================================================================================
DAG File Processing Stats

File Path                      PID    Runtime      # DAGs    # Errors  Last Runtime    Last Run
-----------------------------  -----  ---------  --------  ----------  --------------  -------------------
/opt/airflow/dags/pipeline.py                           0           1  0.07s           2024-07-20T19:23:55
================================================================================
[2024-07-20T19:24:27.628+0000] {manager.py:878} INFO - 
================================================================================
DAG File Processing Stats

File Path                      PID    Runtime      # DAGs    # Errors  Last Runtime    Last Run
-----------------------------  -----  ---------  --------  ----------  --------------  -------------------
/opt/airflow/dags/pipeline.py                           0           1  0.08s           2024-07-20T19:24:25
================================================================================
[2024-07-20T19:24:57.890+0000] {manager.py:878} INFO - 
================================================================================
DAG File Processing Stats

File Path                      PID    Runtime      # DAGs    # Errors  Last Runtime    Last Run
-----------------------------  -----  ---------  --------  ----------  --------------  -------------------
/opt/airflow/dags/pipeline.py                           0           1  0.15s           2024-07-20T19:24:55
================================================================================
[2024-07-20T19:25:28.108+0000] {manager.py:878} INFO - 
================================================================================
DAG File Processing Stats

File Path                      PID    Runtime      # DAGs    # Errors  Last Runtime    Last Run
-----------------------------  -----  ---------  --------  ----------  --------------  -------------------
/opt/airflow/dags/pipeline.py                           0           1  0.05s           2024-07-20T19:25:26
================================================================================
[2024-07-20T19:25:58.331+0000] {manager.py:878} INFO - 
================================================================================
DAG File Processing Stats

File Path                      PID    Runtime      # DAGs    # Errors  Last Runtime    Last Run
-----------------------------  -----  ---------  --------  ----------  --------------  -------------------
/opt/airflow/dags/pipeline.py                           0           1  0.11s           2024-07-20T19:25:56
================================================================================
[2024-07-20T19:26:28.530+0000] {manager.py:878} INFO - 
================================================================================
DAG File Processing Stats

File Path                      PID    Runtime      # DAGs    # Errors  Last Runtime    Last Run
-----------------------------  -----  ---------  --------  ----------  --------------  -------------------
/opt/airflow/dags/pipeline.py                           0           1  0.08s           2024-07-20T19:26:26
================================================================================
[2024-07-20T19:26:58.771+0000] {manager.py:878} INFO - 
================================================================================
DAG File Processing Stats

File Path                      PID    Runtime      # DAGs    # Errors  Last Runtime    Last Run
-----------------------------  -----  ---------  --------  ----------  --------------  -------------------
/opt/airflow/dags/pipeline.py                           0           1  0.08s           2024-07-20T19:26:56
================================================================================
[2024-07-20T19:27:28.991+0000] {manager.py:878} INFO - 
================================================================================
DAG File Processing Stats

File Path                      PID    Runtime      # DAGs    # Errors  Last Runtime    Last Run
-----------------------------  -----  ---------  --------  ----------  --------------  -------------------
/opt/airflow/dags/pipeline.py                           0           1  0.12s           2024-07-20T19:27:27
================================================================================
[2024-07-20T19:27:59.185+0000] {manager.py:878} INFO - 
================================================================================
DAG File Processing Stats

File Path                      PID    Runtime      # DAGs    # Errors  Last Runtime    Last Run
-----------------------------  -----  ---------  --------  ----------  --------------  -------------------
/opt/airflow/dags/pipeline.py                           0           1  0.08s           2024-07-20T19:27:57
================================================================================
[2024-07-20T19:28:29.411+0000] {manager.py:878} INFO - 
================================================================================
DAG File Processing Stats

File Path                      PID    Runtime      # DAGs    # Errors  Last Runtime    Last Run
-----------------------------  -----  ---------  --------  ----------  --------------  -------------------
/opt/airflow/dags/pipeline.py                           0           1  0.06s           2024-07-20T19:28:27
================================================================================
[2024-07-20T19:28:36.446+0000] {manager.py:737} INFO - Searching for files in /opt/airflow/dags
[2024-07-20T19:28:36.454+0000] {manager.py:740} INFO - There are 1 files in /opt/airflow/dags
[2024-07-20T19:28:59.628+0000] {manager.py:878} INFO - 
================================================================================
DAG File Processing Stats

File Path                      PID    Runtime      # DAGs    # Errors  Last Runtime    Last Run
-----------------------------  -----  ---------  --------  ----------  --------------  -------------------
/opt/airflow/dags/pipeline.py                           0           1  0.09s           2024-07-20T19:28:57
================================================================================
[2024-07-20T19:29:29.859+0000] {manager.py:878} INFO - 
================================================================================
DAG File Processing Stats

File Path                      PID    Runtime      # DAGs    # Errors  Last Runtime    Last Run
-----------------------------  -----  ---------  --------  ----------  --------------  -------------------
/opt/airflow/dags/pipeline.py                           0           1  0.09s           2024-07-20T19:29:27
================================================================================
[2024-07-20T19:30:00.070+0000] {manager.py:878} INFO - 
================================================================================
DAG File Processing Stats

File Path                      PID    Runtime      # DAGs    # Errors  Last Runtime    Last Run
-----------------------------  -----  ---------  --------  ----------  --------------  -------------------
/opt/airflow/dags/pipeline.py                           0           1  0.09s           2024-07-20T19:29:58
================================================================================
[2024-07-20T19:30:30.312+0000] {manager.py:878} INFO - 
================================================================================
DAG File Processing Stats

File Path                      PID    Runtime      # DAGs    # Errors  Last Runtime    Last Run
-----------------------------  -----  ---------  --------  ----------  --------------  -------------------
/opt/airflow/dags/pipeline.py                           0           1  0.07s           2024-07-20T19:30:28
================================================================================
[2024-07-20T19:31:00.533+0000] {manager.py:878} INFO - 
================================================================================
DAG File Processing Stats

File Path                      PID    Runtime      # DAGs    # Errors  Last Runtime    Last Run
-----------------------------  -----  ---------  --------  ----------  --------------  -------------------
/opt/airflow/dags/pipeline.py                           0           1  0.12s           2024-07-20T19:30:58
================================================================================
[2024-07-20T19:31:30.789+0000] {manager.py:878} INFO - 
================================================================================
DAG File Processing Stats

File Path                      PID    Runtime      # DAGs    # Errors  Last Runtime    Last Run
-----------------------------  -----  ---------  --------  ----------  --------------  -------------------
/opt/airflow/dags/pipeline.py                           0           1  0.14s           2024-07-20T19:31:28
================================================================================
[2024-07-20T19:32:01.023+0000] {manager.py:878} INFO - 
================================================================================
DAG File Processing Stats

File Path                      PID    Runtime      # DAGs    # Errors  Last Runtime    Last Run
-----------------------------  -----  ---------  --------  ----------  --------------  -------------------
/opt/airflow/dags/pipeline.py                           0           1  0.11s           2024-07-20T19:31:59
================================================================================
[2024-07-20T19:32:31.277+0000] {manager.py:878} INFO - 
================================================================================
DAG File Processing Stats

File Path                      PID    Runtime      # DAGs    # Errors  Last Runtime    Last Run
-----------------------------  -----  ---------  --------  ----------  --------------  -------------------
/opt/airflow/dags/pipeline.py                           0           1  0.09s           2024-07-20T19:32:29
================================================================================
[2024-07-20T19:33:01.520+0000] {manager.py:878} INFO - 
================================================================================
DAG File Processing Stats

File Path                      PID    Runtime      # DAGs    # Errors  Last Runtime    Last Run
-----------------------------  -----  ---------  --------  ----------  --------------  -------------------
/opt/airflow/dags/pipeline.py                           0           1  0.07s           2024-07-20T19:32:59
================================================================================
[2024-07-20T19:33:31.722+0000] {manager.py:878} INFO - 
================================================================================
DAG File Processing Stats

File Path                      PID    Runtime      # DAGs    # Errors  Last Runtime    Last Run
-----------------------------  -----  ---------  --------  ----------  --------------  -------------------
/opt/airflow/dags/pipeline.py                           0           1  0.08s           2024-07-20T19:33:29
================================================================================
[2024-07-20T19:33:36.763+0000] {manager.py:737} INFO - Searching for files in /opt/airflow/dags
[2024-07-20T19:33:36.768+0000] {manager.py:740} INFO - There are 1 files in /opt/airflow/dags
[2024-07-20T19:34:01.960+0000] {manager.py:878} INFO - 
================================================================================
DAG File Processing Stats

File Path                      PID    Runtime      # DAGs    # Errors  Last Runtime    Last Run
-----------------------------  -----  ---------  --------  ----------  --------------  -------------------
/opt/airflow/dags/pipeline.py                           0           1  0.08s           2024-07-20T19:34:00
================================================================================
[2024-07-20T19:34:32.173+0000] {manager.py:878} INFO - 
================================================================================
DAG File Processing Stats

File Path                      PID    Runtime      # DAGs    # Errors  Last Runtime    Last Run
-----------------------------  -----  ---------  --------  ----------  --------------  -------------------
/opt/airflow/dags/pipeline.py                           0           1  0.09s           2024-07-20T19:34:30
================================================================================
[2024-07-20T19:35:02.410+0000] {manager.py:878} INFO - 
================================================================================
DAG File Processing Stats

File Path                      PID    Runtime      # DAGs    # Errors  Last Runtime    Last Run
-----------------------------  -----  ---------  --------  ----------  --------------  -------------------
/opt/airflow/dags/pipeline.py                           0           1  0.07s           2024-07-20T19:35:00
================================================================================
[2024-07-20T19:35:32.648+0000] {manager.py:878} INFO - 
================================================================================
DAG File Processing Stats

File Path                      PID    Runtime      # DAGs    # Errors  Last Runtime    Last Run
-----------------------------  -----  ---------  --------  ----------  --------------  -------------------
/opt/airflow/dags/pipeline.py                           0           1  0.15s           2024-07-20T19:35:30
================================================================================
[2024-07-20T19:36:02.936+0000] {manager.py:878} INFO - 
================================================================================
DAG File Processing Stats

File Path                      PID    Runtime      # DAGs    # Errors  Last Runtime    Last Run
-----------------------------  -----  ---------  --------  ----------  --------------  -------------------
/opt/airflow/dags/pipeline.py                           0           1  0.08s           2024-07-20T19:36:00
================================================================================
[2024-07-20T19:36:33.141+0000] {manager.py:878} INFO - 
================================================================================
DAG File Processing Stats

File Path                      PID    Runtime      # DAGs    # Errors  Last Runtime    Last Run
-----------------------------  -----  ---------  --------  ----------  --------------  -------------------
/opt/airflow/dags/pipeline.py                           0           1  0.07s           2024-07-20T19:36:31
================================================================================
[2024-07-20T19:37:03.364+0000] {manager.py:878} INFO - 
================================================================================
DAG File Processing Stats

File Path                      PID    Runtime      # DAGs    # Errors  Last Runtime    Last Run
-----------------------------  -----  ---------  --------  ----------  --------------  -------------------
/opt/airflow/dags/pipeline.py                           0           1  0.09s           2024-07-20T19:37:01
================================================================================
[2024-07-20T19:37:33.586+0000] {manager.py:878} INFO - 
================================================================================
DAG File Processing Stats

File Path                      PID    Runtime      # DAGs    # Errors  Last Runtime    Last Run
-----------------------------  -----  ---------  --------  ----------  --------------  -------------------
/opt/airflow/dags/pipeline.py                           0           1  0.08s           2024-07-20T19:37:31
================================================================================
[2024-07-20T19:38:03.812+0000] {manager.py:878} INFO - 
================================================================================
DAG File Processing Stats

File Path                      PID    Runtime      # DAGs    # Errors  Last Runtime    Last Run
-----------------------------  -----  ---------  --------  ----------  --------------  -------------------
/opt/airflow/dags/pipeline.py                           0           1  0.12s           2024-07-20T19:38:01
================================================================================
[2024-07-20T19:38:34.056+0000] {manager.py:878} INFO - 
================================================================================
DAG File Processing Stats

File Path                      PID    Runtime      # DAGs    # Errors  Last Runtime    Last Run
-----------------------------  -----  ---------  --------  ----------  --------------  -------------------
/opt/airflow/dags/pipeline.py                           0           1  0.09s           2024-07-20T19:38:32
================================================================================
[2024-07-20T19:38:37.070+0000] {manager.py:737} INFO - Searching for files in /opt/airflow/dags
[2024-07-20T19:38:37.076+0000] {manager.py:740} INFO - There are 1 files in /opt/airflow/dags
[2024-07-20T19:39:04.274+0000] {manager.py:878} INFO - 
================================================================================
DAG File Processing Stats

File Path                      PID    Runtime      # DAGs    # Errors  Last Runtime    Last Run
-----------------------------  -----  ---------  --------  ----------  --------------  -------------------
/opt/airflow/dags/pipeline.py                           0           1  0.12s           2024-07-20T19:39:02
================================================================================
[2024-07-20T19:39:34.518+0000] {manager.py:878} INFO - 
================================================================================
DAG File Processing Stats

File Path                      PID    Runtime      # DAGs    # Errors  Last Runtime    Last Run
-----------------------------  -----  ---------  --------  ----------  --------------  -------------------
/opt/airflow/dags/pipeline.py                           0           1  0.10s           2024-07-20T19:39:32
================================================================================
[2024-07-20T19:40:04.734+0000] {manager.py:878} INFO - 
================================================================================
DAG File Processing Stats

File Path                      PID    Runtime      # DAGs    # Errors  Last Runtime    Last Run
-----------------------------  -----  ---------  --------  ----------  --------------  -------------------
/opt/airflow/dags/pipeline.py                           0           1  0.08s           2024-07-20T19:40:02
================================================================================
[2024-07-20T19:40:34.988+0000] {manager.py:878} INFO - 
================================================================================
DAG File Processing Stats

File Path                      PID    Runtime      # DAGs    # Errors  Last Runtime    Last Run
-----------------------------  -----  ---------  --------  ----------  --------------  -------------------
/opt/airflow/dags/pipeline.py                           0           1  0.09s           2024-07-20T19:40:33
================================================================================
[2024-07-20T19:41:05.221+0000] {manager.py:878} INFO - 
================================================================================
DAG File Processing Stats

File Path                      PID    Runtime      # DAGs    # Errors  Last Runtime    Last Run
-----------------------------  -----  ---------  --------  ----------  --------------  -------------------
/opt/airflow/dags/pipeline.py                           0           1  0.13s           2024-07-20T19:41:03
================================================================================
[2024-07-20T19:41:35.495+0000] {manager.py:878} INFO - 
================================================================================
DAG File Processing Stats

File Path                      PID    Runtime      # DAGs    # Errors  Last Runtime    Last Run
-----------------------------  -----  ---------  --------  ----------  --------------  -------------------
/opt/airflow/dags/pipeline.py                           0           1  0.15s           2024-07-20T19:41:33
================================================================================
[2024-07-20T19:42:05.726+0000] {manager.py:878} INFO - 
================================================================================
DAG File Processing Stats

File Path                      PID    Runtime      # DAGs    # Errors  Last Runtime    Last Run
-----------------------------  -----  ---------  --------  ----------  --------------  -------------------
/opt/airflow/dags/pipeline.py                           0           1  0.06s           2024-07-20T19:42:03
================================================================================
[2024-07-20T19:42:35.948+0000] {manager.py:878} INFO - 
================================================================================
DAG File Processing Stats

File Path                      PID    Runtime      # DAGs    # Errors  Last Runtime    Last Run
-----------------------------  -----  ---------  --------  ----------  --------------  -------------------
/opt/airflow/dags/pipeline.py                           0           1  0.15s           2024-07-20T19:42:34
================================================================================
[2024-07-20T19:43:06.170+0000] {manager.py:878} INFO - 
================================================================================
DAG File Processing Stats

File Path                      PID    Runtime      # DAGs    # Errors  Last Runtime    Last Run
-----------------------------  -----  ---------  --------  ----------  --------------  -------------------
/opt/airflow/dags/pipeline.py                           0           1  0.06s           2024-07-20T19:43:04
================================================================================
[2024-07-20T19:43:36.440+0000] {manager.py:878} INFO - 
================================================================================
DAG File Processing Stats

File Path                      PID    Runtime      # DAGs    # Errors  Last Runtime    Last Run
-----------------------------  -----  ---------  --------  ----------  --------------  -------------------
/opt/airflow/dags/pipeline.py                           0           1  0.25s           2024-07-20T19:43:34
================================================================================
[2024-07-20T19:43:37.445+0000] {manager.py:737} INFO - Searching for files in /opt/airflow/dags
[2024-07-20T19:43:37.449+0000] {manager.py:740} INFO - There are 1 files in /opt/airflow/dags
[2024-07-20T19:44:06.674+0000] {manager.py:878} INFO - 
================================================================================
DAG File Processing Stats

File Path                      PID    Runtime      # DAGs    # Errors  Last Runtime    Last Run
-----------------------------  -----  ---------  --------  ----------  --------------  -------------------
/opt/airflow/dags/pipeline.py                           0           1  0.12s           2024-07-20T19:44:04
================================================================================
[2024-07-20T19:44:36.978+0000] {manager.py:878} INFO - 
================================================================================
DAG File Processing Stats

File Path                      PID    Runtime      # DAGs    # Errors  Last Runtime    Last Run
-----------------------------  -----  ---------  --------  ----------  --------------  -------------------
/opt/airflow/dags/pipeline.py                           0           1  0.10s           2024-07-20T19:44:34
================================================================================
[2024-07-20T19:45:07.211+0000] {manager.py:878} INFO - 
================================================================================
DAG File Processing Stats

File Path                      PID    Runtime      # DAGs    # Errors  Last Runtime    Last Run
-----------------------------  -----  ---------  --------  ----------  --------------  -------------------
/opt/airflow/dags/pipeline.py                           0           1  0.08s           2024-07-20T19:45:05
================================================================================
[2024-07-20T19:45:37.440+0000] {manager.py:878} INFO - 
================================================================================
DAG File Processing Stats

File Path                      PID    Runtime      # DAGs    # Errors  Last Runtime    Last Run
-----------------------------  -----  ---------  --------  ----------  --------------  -------------------
/opt/airflow/dags/pipeline.py                           0           1  0.22s           2024-07-20T19:45:35
================================================================================
[2024-07-20T19:46:07.842+0000] {manager.py:878} INFO - 
================================================================================
DAG File Processing Stats

File Path                      PID    Runtime      # DAGs    # Errors  Last Runtime    Last Run
-----------------------------  -----  ---------  --------  ----------  --------------  -------------------
/opt/airflow/dags/pipeline.py                           0           1  0.25s           2024-07-20T19:46:06
================================================================================
[2024-07-20T19:46:38.286+0000] {manager.py:878} INFO - 
================================================================================
DAG File Processing Stats

File Path                      PID    Runtime      # DAGs    # Errors  Last Runtime    Last Run
-----------------------------  -----  ---------  --------  ----------  --------------  -------------------
/opt/airflow/dags/pipeline.py                           0           1  0.09s           2024-07-20T19:46:36
================================================================================
[2024-07-20T19:47:08.520+0000] {manager.py:878} INFO - 
================================================================================
DAG File Processing Stats

File Path                      PID    Runtime      # DAGs    # Errors  Last Runtime    Last Run
-----------------------------  -----  ---------  --------  ----------  --------------  -------------------
/opt/airflow/dags/pipeline.py                           0           1  0.09s           2024-07-20T19:47:06
================================================================================
[2024-07-20T19:47:38.739+0000] {manager.py:878} INFO - 
================================================================================
DAG File Processing Stats

File Path                      PID    Runtime      # DAGs    # Errors  Last Runtime    Last Run
-----------------------------  -----  ---------  --------  ----------  --------------  -------------------
/opt/airflow/dags/pipeline.py                           0           1  0.06s           2024-07-20T19:47:36
================================================================================
[2024-07-20T19:48:08.939+0000] {manager.py:878} INFO - 
================================================================================
DAG File Processing Stats

File Path                      PID    Runtime      # DAGs    # Errors  Last Runtime    Last Run
-----------------------------  -----  ---------  --------  ----------  --------------  -------------------
/opt/airflow/dags/pipeline.py                           0           1  0.10s           2024-07-20T19:48:07
================================================================================
[2024-07-20T19:48:38.231+0000] {manager.py:737} INFO - Searching for files in /opt/airflow/dags
[2024-07-20T19:48:38.239+0000] {manager.py:740} INFO - There are 1 files in /opt/airflow/dags
[2024-07-20T19:48:39.260+0000] {manager.py:878} INFO - 
================================================================================
DAG File Processing Stats

File Path                      PID    Runtime      # DAGs    # Errors  Last Runtime    Last Run
-----------------------------  -----  ---------  --------  ----------  --------------  -------------------
/opt/airflow/dags/pipeline.py                           0           1  0.10s           2024-07-20T19:48:37
================================================================================
[2024-07-20T19:49:09.464+0000] {manager.py:878} INFO - 
================================================================================
DAG File Processing Stats

File Path                      PID    Runtime      # DAGs    # Errors  Last Runtime    Last Run
-----------------------------  -----  ---------  --------  ----------  --------------  -------------------
/opt/airflow/dags/pipeline.py                           0           1  0.08s           2024-07-20T19:49:07
================================================================================
[2024-07-20T19:49:39.663+0000] {manager.py:878} INFO - 
================================================================================
DAG File Processing Stats

File Path                      PID    Runtime      # DAGs    # Errors  Last Runtime    Last Run
-----------------------------  -----  ---------  --------  ----------  --------------  -------------------
/opt/airflow/dags/pipeline.py                           0           1  0.09s           2024-07-20T19:49:37
================================================================================
[2024-07-20T19:50:09.671+0000] {manager.py:878} INFO - 
================================================================================
DAG File Processing Stats

File Path                      PID    Runtime      # DAGs    # Errors  Last Runtime    Last Run
-----------------------------  -----  ---------  --------  ----------  --------------  -------------------
/opt/airflow/dags/pipeline.py                           0           1  0.86s           2024-07-20T19:50:08
================================================================================
[2024-07-20T19:50:40.050+0000] {manager.py:878} INFO - 
================================================================================
DAG File Processing Stats

File Path                      PID    Runtime      # DAGs    # Errors  Last Runtime    Last Run
-----------------------------  -----  ---------  --------  ----------  --------------  -------------------
/opt/airflow/dags/pipeline.py                           0           1  0.60s           2024-07-20T19:50:39
================================================================================
[2024-07-20T19:51:10.684+0000] {manager.py:878} INFO - 
================================================================================
DAG File Processing Stats

File Path                      PID    Runtime      # DAGs    # Errors  Last Runtime    Last Run
-----------------------------  -----  ---------  --------  ----------  --------------  -------------------
/opt/airflow/dags/pipeline.py                           0           1  0.07s           2024-07-20T19:51:09
================================================================================
[2024-07-20T19:51:40.906+0000] {manager.py:878} INFO - 
================================================================================
DAG File Processing Stats

File Path                      PID    Runtime      # DAGs    # Errors  Last Runtime    Last Run
-----------------------------  -----  ---------  --------  ----------  --------------  -------------------
/opt/airflow/dags/pipeline.py                           0           1  0.10s           2024-07-20T19:51:39
================================================================================
[2024-07-20T19:52:11.128+0000] {manager.py:878} INFO - 
================================================================================
DAG File Processing Stats

File Path                      PID    Runtime      # DAGs    # Errors  Last Runtime    Last Run
-----------------------------  -----  ---------  --------  ----------  --------------  -------------------
/opt/airflow/dags/pipeline.py                           0           1  0.07s           2024-07-20T19:52:10
================================================================================
[2024-07-20T19:52:41.348+0000] {manager.py:878} INFO - 
================================================================================
DAG File Processing Stats

File Path                      PID    Runtime      # DAGs    # Errors  Last Runtime    Last Run
-----------------------------  -----  ---------  --------  ----------  --------------  -------------------
/opt/airflow/dags/pipeline.py                           0           1  0.11s           2024-07-20T19:52:40
================================================================================
[2024-07-20T19:53:11.632+0000] {manager.py:878} INFO - 
================================================================================
DAG File Processing Stats

File Path                      PID    Runtime      # DAGs    # Errors  Last Runtime    Last Run
-----------------------------  -----  ---------  --------  ----------  --------------  -------------------
/opt/airflow/dags/pipeline.py                           0           1  0.08s           2024-07-20T19:53:10
================================================================================
[2024-07-20T19:53:38.793+0000] {manager.py:737} INFO - Searching for files in /opt/airflow/dags
[2024-07-20T19:53:38.803+0000] {manager.py:740} INFO - There are 1 files in /opt/airflow/dags
[2024-07-20T19:53:41.841+0000] {manager.py:878} INFO - 
================================================================================
DAG File Processing Stats

File Path                      PID    Runtime      # DAGs    # Errors  Last Runtime    Last Run
-----------------------------  -----  ---------  --------  ----------  --------------  -------------------
/opt/airflow/dags/pipeline.py                           0           1  0.09s           2024-07-20T19:53:40
================================================================================
[2024-07-20T19:54:12.103+0000] {manager.py:878} INFO - 
================================================================================
DAG File Processing Stats

File Path                      PID    Runtime      # DAGs    # Errors  Last Runtime    Last Run
-----------------------------  -----  ---------  --------  ----------  --------------  -------------------
/opt/airflow/dags/pipeline.py                           0           1  0.10s           2024-07-20T19:54:11
================================================================================
[2024-07-20T19:54:42.325+0000] {manager.py:878} INFO - 
================================================================================
DAG File Processing Stats

File Path                      PID    Runtime      # DAGs    # Errors  Last Runtime    Last Run
-----------------------------  -----  ---------  --------  ----------  --------------  -------------------
/opt/airflow/dags/pipeline.py                           0           1  0.12s           2024-07-20T19:54:41
================================================================================
[2024-07-20T19:55:12.613+0000] {manager.py:878} INFO - 
================================================================================
DAG File Processing Stats

File Path                      PID    Runtime      # DAGs    # Errors  Last Runtime    Last Run
-----------------------------  -----  ---------  --------  ----------  --------------  -------------------
/opt/airflow/dags/pipeline.py                           0           1  0.10s           2024-07-20T19:55:11
================================================================================
[2024-07-20T19:55:42.808+0000] {manager.py:878} INFO - 
================================================================================
DAG File Processing Stats

File Path                      PID    Runtime      # DAGs    # Errors  Last Runtime    Last Run
-----------------------------  -----  ---------  --------  ----------  --------------  -------------------
/opt/airflow/dags/pipeline.py                           0           1  0.10s           2024-07-20T19:55:41
================================================================================
[2024-07-20T19:56:12.965+0000] {manager.py:878} INFO - 
================================================================================
DAG File Processing Stats

File Path                      PID    Runtime      # DAGs    # Errors  Last Runtime    Last Run
-----------------------------  -----  ---------  --------  ----------  --------------  -------------------
/opt/airflow/dags/pipeline.py                           0           1  0.06s           2024-07-20T19:56:12
================================================================================
[2024-07-20T19:56:43.183+0000] {manager.py:878} INFO - 
================================================================================
DAG File Processing Stats

File Path                      PID    Runtime      # DAGs    # Errors  Last Runtime    Last Run
-----------------------------  -----  ---------  --------  ----------  --------------  -------------------
/opt/airflow/dags/pipeline.py                           0           1  0.09s           2024-07-20T19:56:42
================================================================================
[2024-07-20T19:57:13.363+0000] {manager.py:878} INFO - 
================================================================================
DAG File Processing Stats

File Path                      PID    Runtime      # DAGs    # Errors  Last Runtime    Last Run
-----------------------------  -----  ---------  --------  ----------  --------------  -------------------
/opt/airflow/dags/pipeline.py                           0           1  0.06s           2024-07-20T19:57:12
================================================================================
[2024-07-20T19:57:43.608+0000] {manager.py:878} INFO - 
================================================================================
DAG File Processing Stats

File Path                      PID    Runtime      # DAGs    # Errors  Last Runtime    Last Run
-----------------------------  -----  ---------  --------  ----------  --------------  -------------------
/opt/airflow/dags/pipeline.py                           0           1  0.10s           2024-07-20T19:57:42
================================================================================
[2024-07-20T19:58:13.853+0000] {manager.py:878} INFO - 
================================================================================
DAG File Processing Stats

File Path                      PID    Runtime      # DAGs    # Errors  Last Runtime    Last Run
-----------------------------  -----  ---------  --------  ----------  --------------  -------------------
/opt/airflow/dags/pipeline.py                           0           1  0.07s           2024-07-20T19:58:12
================================================================================
[2024-07-20T19:58:39.024+0000] {manager.py:737} INFO - Searching for files in /opt/airflow/dags
[2024-07-20T19:58:39.034+0000] {manager.py:740} INFO - There are 1 files in /opt/airflow/dags
[2024-07-20T19:58:44.091+0000] {manager.py:878} INFO - 
================================================================================
DAG File Processing Stats

File Path                      PID    Runtime      # DAGs    # Errors  Last Runtime    Last Run
-----------------------------  -----  ---------  --------  ----------  --------------  -------------------
/opt/airflow/dags/pipeline.py                           0           1  0.08s           2024-07-20T19:58:43
================================================================================
[2024-07-20T19:59:14.321+0000] {manager.py:878} INFO - 
================================================================================
DAG File Processing Stats

File Path                      PID    Runtime      # DAGs    # Errors  Last Runtime    Last Run
-----------------------------  -----  ---------  --------  ----------  --------------  -------------------
/opt/airflow/dags/pipeline.py                           0           1  0.30s           2024-07-20T19:59:13
================================================================================
[2024-07-20T19:59:14.357+0000] {manager.py:452} INFO - Exiting gracefully upon receiving signal 15
[2024-07-20T20:03:06.240+0000] {manager.py:470} INFO - Processing files using up to 2 processes at a time 
[2024-07-20T20:03:06.270+0000] {manager.py:471} INFO - Process each file at most once every 30 seconds
[2024-07-20T20:03:06.272+0000] {manager.py:472} INFO - Checking for new files in /opt/airflow/dags every 300 seconds
[2024-07-20T20:03:06.272+0000] {manager.py:737} INFO - Searching for files in /opt/airflow/dags
[2024-07-20T20:03:06.279+0000] {manager.py:740} INFO - There are 1 files in /opt/airflow/dags
[2024-07-20T20:03:06.358+0000] {manager.py:878} INFO - 
================================================================================
DAG File Processing Stats

File Path                        PID  Runtime      # DAGs    # Errors  Last Runtime    Last Run
-----------------------------  -----  ---------  --------  ----------  --------------  ----------
/opt/airflow/dags/pipeline.py    164  0.04s             0           0
================================================================================
[2024-07-20T20:03:36.479+0000] {manager.py:878} INFO - 
================================================================================
DAG File Processing Stats

File Path                      PID    Runtime      # DAGs    # Errors  Last Runtime    Last Run
-----------------------------  -----  ---------  --------  ----------  --------------  -------------------
/opt/airflow/dags/pipeline.py                           0           1  0.26s           2024-07-20T20:03:06
================================================================================
[2024-07-20T20:04:06.909+0000] {manager.py:878} INFO - 
================================================================================
DAG File Processing Stats

File Path                        PID  Runtime      # DAGs    # Errors  Last Runtime    Last Run
-----------------------------  -----  ---------  --------  ----------  --------------  -------------------
/opt/airflow/dags/pipeline.py    174  0.01s             0           1  0.16s           2024-07-20T20:03:36
================================================================================
[2024-07-20T20:04:37.220+0000] {manager.py:878} INFO - 
================================================================================
DAG File Processing Stats

File Path                      PID    Runtime      # DAGs    # Errors  Last Runtime    Last Run
-----------------------------  -----  ---------  --------  ----------  --------------  -------------------
/opt/airflow/dags/pipeline.py                           0           1  0.38s           2024-07-20T20:04:07
================================================================================
[2024-07-20T20:05:07.667+0000] {manager.py:878} INFO - 
================================================================================
DAG File Processing Stats

File Path                        PID  Runtime      # DAGs    # Errors  Last Runtime    Last Run
-----------------------------  -----  ---------  --------  ----------  --------------  -------------------
/opt/airflow/dags/pipeline.py    184  0.00s             0           1  0.05s           2024-07-20T20:04:37
================================================================================
[2024-07-20T20:05:37.868+0000] {manager.py:878} INFO - 
================================================================================
DAG File Processing Stats

File Path                        PID  Runtime      # DAGs    # Errors  Last Runtime    Last Run
-----------------------------  -----  ---------  --------  ----------  --------------  -------------------
/opt/airflow/dags/pipeline.py    189  0.00s             0           1  0.07s           2024-07-20T20:05:07
================================================================================
[2024-07-20T20:06:08.112+0000] {manager.py:878} INFO - 
================================================================================
DAG File Processing Stats

File Path                        PID  Runtime      # DAGs    # Errors  Last Runtime    Last Run
-----------------------------  -----  ---------  --------  ----------  --------------  -------------------
/opt/airflow/dags/pipeline.py    194  0.00s             0           1  0.07s           2024-07-20T20:05:37
================================================================================
[2024-07-20T20:06:38.331+0000] {manager.py:878} INFO - 
================================================================================
DAG File Processing Stats

File Path                        PID  Runtime      # DAGs    # Errors  Last Runtime    Last Run
-----------------------------  -----  ---------  --------  ----------  --------------  -------------------
/opt/airflow/dags/pipeline.py    199  0.01s             0           1  0.06s           2024-07-20T20:06:08
================================================================================
[2024-07-20T20:07:08.543+0000] {manager.py:878} INFO - 
================================================================================
DAG File Processing Stats

File Path                        PID  Runtime      # DAGs    # Errors  Last Runtime    Last Run
-----------------------------  -----  ---------  --------  ----------  --------------  -------------------
/opt/airflow/dags/pipeline.py    204  0.01s             0           1  0.10s           2024-07-20T20:06:38
================================================================================
[2024-07-20T20:07:38.809+0000] {manager.py:878} INFO - 
================================================================================
DAG File Processing Stats

File Path                        PID  Runtime      # DAGs    # Errors  Last Runtime    Last Run
-----------------------------  -----  ---------  --------  ----------  --------------  -------------------
/opt/airflow/dags/pipeline.py    209  0.00s             0           1  0.20s           2024-07-20T20:07:08
================================================================================
[2024-07-20T20:08:06.949+0000] {manager.py:737} INFO - Searching for files in /opt/airflow/dags
[2024-07-20T20:08:06.954+0000] {manager.py:740} INFO - There are 1 files in /opt/airflow/dags
[2024-07-20T20:08:08.986+0000] {manager.py:878} INFO - 
================================================================================
DAG File Processing Stats

File Path                        PID  Runtime      # DAGs    # Errors  Last Runtime    Last Run
-----------------------------  -----  ---------  --------  ----------  --------------  -------------------
/opt/airflow/dags/pipeline.py    214  0.00s             0           1  0.07s           2024-07-20T20:07:38
================================================================================
[2024-07-20T20:08:39.267+0000] {manager.py:878} INFO - 
================================================================================
DAG File Processing Stats

File Path                        PID  Runtime      # DAGs    # Errors  Last Runtime    Last Run
-----------------------------  -----  ---------  --------  ----------  --------------  -------------------
/opt/airflow/dags/pipeline.py    219  0.00s             0           1  0.08s           2024-07-20T20:08:09
================================================================================
[2024-07-20T20:09:09.450+0000] {manager.py:878} INFO - 
================================================================================
DAG File Processing Stats

File Path                        PID  Runtime      # DAGs    # Errors  Last Runtime    Last Run
-----------------------------  -----  ---------  --------  ----------  --------------  -------------------
/opt/airflow/dags/pipeline.py    224  0.00s             0           1  0.10s           2024-07-20T20:08:39
================================================================================
[2024-07-20T20:09:39.681+0000] {manager.py:878} INFO - 
================================================================================
DAG File Processing Stats

File Path                        PID  Runtime      # DAGs    # Errors  Last Runtime    Last Run
-----------------------------  -----  ---------  --------  ----------  --------------  -------------------
/opt/airflow/dags/pipeline.py    229  0.01s             0           1  0.10s           2024-07-20T20:09:09
================================================================================
[2024-07-20T20:10:09.867+0000] {manager.py:878} INFO - 
================================================================================
DAG File Processing Stats

File Path                        PID  Runtime      # DAGs    # Errors  Last Runtime    Last Run
-----------------------------  -----  ---------  --------  ----------  --------------  -------------------
/opt/airflow/dags/pipeline.py    234  0.01s             0           1  0.08s           2024-07-20T20:09:39
================================================================================
[2024-07-20T20:10:40.071+0000] {manager.py:878} INFO - 
================================================================================
DAG File Processing Stats

File Path                        PID  Runtime      # DAGs    # Errors  Last Runtime    Last Run
-----------------------------  -----  ---------  --------  ----------  --------------  -------------------
/opt/airflow/dags/pipeline.py    239  0.00s             0           1  0.08s           2024-07-20T20:10:09
================================================================================
[2024-07-20T20:11:10.238+0000] {manager.py:878} INFO - 
================================================================================
DAG File Processing Stats

File Path                        PID  Runtime      # DAGs    # Errors  Last Runtime    Last Run
-----------------------------  -----  ---------  --------  ----------  --------------  -------------------
/opt/airflow/dags/pipeline.py    244  0.00s             0           1  0.05s           2024-07-20T20:10:40
================================================================================
[2024-07-20T20:11:40.389+0000] {manager.py:878} INFO - 
================================================================================
DAG File Processing Stats

File Path                        PID  Runtime      # DAGs    # Errors  Last Runtime    Last Run
-----------------------------  -----  ---------  --------  ----------  --------------  -------------------
/opt/airflow/dags/pipeline.py    249  0.00s             0           1  0.07s           2024-07-20T20:11:10
================================================================================
