[2024-07-20T18:33:33.921+0000] {processor.py:161} INFO - Started process (PID=164) to work on /opt/airflow/dags/pipeline.py
[2024-07-20T18:33:33.922+0000] {processor.py:830} INFO - Processing file /opt/airflow/dags/pipeline.py for tasks to queue
[2024-07-20T18:33:33.923+0000] {logging_mixin.py:188} INFO - [2024-07-20T18:33:33.923+0000] {dagbag.py:545} INFO - Filling up the DagBag from /opt/airflow/dags/pipeline.py
[2024-07-20T18:33:41.456+0000] {logging_mixin.py:188} WARNING - /opt/airflow/dags/modules/mysql_handler.py:37 SyntaxWarning: invalid escape sequence '\('
[2024-07-20T18:33:42.043+0000] {logging_mixin.py:188} INFO - [2024-07-20T18:33:41.951+0000] {dagbag.py:355} ERROR - Failed to import: /opt/airflow/dags/pipeline.py
Traceback (most recent call last):
  File "/home/airflow/.local/lib/python3.12/site-packages/airflow/models/dagbag.py", line 351, in parse
    loader.exec_module(new_module)
  File "<frozen importlib._bootstrap_external>", line 995, in exec_module
  File "<frozen importlib._bootstrap>", line 488, in _call_with_frames_removed
  File "/opt/airflow/dags/pipeline.py", line 8, in <module>
    from scripts.mysql_dwh import dwh_init_tables, dwh_stage, dwh_transform_load, dwh_update_view
  File "/opt/airflow/dags/scripts/mysql_dwh.py", line 2, in <module>
    from modules.mysql_handler import Mysql_connector
  File "/opt/airflow/dags/modules/mysql_handler.py", line 1, in <module>
    import mysql.connector
  File "/home/airflow/.local/lib/python3.12/site-packages/mysql/connector/__init__.py", line 34, in <module>
    import _version
ModuleNotFoundError: No module named '_version'
[2024-07-20T18:33:42.044+0000] {processor.py:842} WARNING - No viable dags retrieved from /opt/airflow/dags/pipeline.py
[2024-07-20T18:33:42.361+0000] {processor.py:183} INFO - Processing /opt/airflow/dags/pipeline.py took 8.444 seconds
[2024-07-20T18:34:12.524+0000] {processor.py:161} INFO - Started process (PID=171) to work on /opt/airflow/dags/pipeline.py
[2024-07-20T18:34:12.632+0000] {processor.py:830} INFO - Processing file /opt/airflow/dags/pipeline.py for tasks to queue
[2024-07-20T18:34:12.634+0000] {logging_mixin.py:188} INFO - [2024-07-20T18:34:12.634+0000] {dagbag.py:545} INFO - Filling up the DagBag from /opt/airflow/dags/pipeline.py
[2024-07-20T18:34:12.914+0000] {logging_mixin.py:188} INFO - [2024-07-20T18:34:12.913+0000] {dagbag.py:355} ERROR - Failed to import: /opt/airflow/dags/pipeline.py
Traceback (most recent call last):
  File "/home/airflow/.local/lib/python3.12/site-packages/airflow/models/dagbag.py", line 351, in parse
    loader.exec_module(new_module)
  File "<frozen importlib._bootstrap_external>", line 995, in exec_module
  File "<frozen importlib._bootstrap>", line 488, in _call_with_frames_removed
  File "/opt/airflow/dags/pipeline.py", line 8, in <module>
    from scripts.mysql_dwh import dwh_init_tables, dwh_stage, dwh_transform_load, dwh_update_view
  File "/opt/airflow/dags/scripts/mysql_dwh.py", line 2, in <module>
    from modules.mysql_handler import Mysql_connector
  File "/opt/airflow/dags/modules/mysql_handler.py", line 1, in <module>
    import mysql.connector
  File "/home/airflow/.local/lib/python3.12/site-packages/mysql/connector/__init__.py", line 34, in <module>
    import _version
ModuleNotFoundError: No module named '_version'
[2024-07-20T18:34:12.915+0000] {processor.py:842} WARNING - No viable dags retrieved from /opt/airflow/dags/pipeline.py
[2024-07-20T18:34:13.055+0000] {processor.py:183} INFO - Processing /opt/airflow/dags/pipeline.py took 0.537 seconds
[2024-07-20T18:34:43.242+0000] {processor.py:161} INFO - Started process (PID=177) to work on /opt/airflow/dags/pipeline.py
[2024-07-20T18:34:43.322+0000] {processor.py:830} INFO - Processing file /opt/airflow/dags/pipeline.py for tasks to queue
[2024-07-20T18:34:43.324+0000] {logging_mixin.py:188} INFO - [2024-07-20T18:34:43.324+0000] {dagbag.py:545} INFO - Filling up the DagBag from /opt/airflow/dags/pipeline.py
[2024-07-20T18:34:43.610+0000] {logging_mixin.py:188} INFO - [2024-07-20T18:34:43.608+0000] {dagbag.py:355} ERROR - Failed to import: /opt/airflow/dags/pipeline.py
Traceback (most recent call last):
  File "/home/airflow/.local/lib/python3.12/site-packages/airflow/models/dagbag.py", line 351, in parse
    loader.exec_module(new_module)
  File "<frozen importlib._bootstrap_external>", line 995, in exec_module
  File "<frozen importlib._bootstrap>", line 488, in _call_with_frames_removed
  File "/opt/airflow/dags/pipeline.py", line 8, in <module>
    from scripts.mysql_dwh import dwh_init_tables, dwh_stage, dwh_transform_load, dwh_update_view
  File "/opt/airflow/dags/scripts/mysql_dwh.py", line 2, in <module>
    from modules.mysql_handler import Mysql_connector
  File "/opt/airflow/dags/modules/mysql_handler.py", line 1, in <module>
    import mysql.connector
  File "/home/airflow/.local/lib/python3.12/site-packages/mysql/connector/__init__.py", line 34, in <module>
    import _version
ModuleNotFoundError: No module named '_version'
[2024-07-20T18:34:43.610+0000] {processor.py:842} WARNING - No viable dags retrieved from /opt/airflow/dags/pipeline.py
[2024-07-20T18:34:43.657+0000] {processor.py:183} INFO - Processing /opt/airflow/dags/pipeline.py took 0.422 seconds
[2024-07-20T18:35:13.882+0000] {processor.py:161} INFO - Started process (PID=183) to work on /opt/airflow/dags/pipeline.py
[2024-07-20T18:35:13.898+0000] {processor.py:830} INFO - Processing file /opt/airflow/dags/pipeline.py for tasks to queue
[2024-07-20T18:35:13.901+0000] {logging_mixin.py:188} INFO - [2024-07-20T18:35:13.900+0000] {dagbag.py:545} INFO - Filling up the DagBag from /opt/airflow/dags/pipeline.py
[2024-07-20T18:35:14.210+0000] {logging_mixin.py:188} INFO - [2024-07-20T18:35:14.208+0000] {dagbag.py:355} ERROR - Failed to import: /opt/airflow/dags/pipeline.py
Traceback (most recent call last):
  File "/home/airflow/.local/lib/python3.12/site-packages/airflow/models/dagbag.py", line 351, in parse
    loader.exec_module(new_module)
  File "<frozen importlib._bootstrap_external>", line 995, in exec_module
  File "<frozen importlib._bootstrap>", line 488, in _call_with_frames_removed
  File "/opt/airflow/dags/pipeline.py", line 8, in <module>
    from scripts.mysql_dwh import dwh_init_tables, dwh_stage, dwh_transform_load, dwh_update_view
  File "/opt/airflow/dags/scripts/mysql_dwh.py", line 2, in <module>
    from modules.mysql_handler import Mysql_connector
  File "/opt/airflow/dags/modules/mysql_handler.py", line 1, in <module>
    import mysql.connector
  File "/home/airflow/.local/lib/python3.12/site-packages/mysql/connector/__init__.py", line 34, in <module>
    import _version
ModuleNotFoundError: No module named '_version'
[2024-07-20T18:35:14.210+0000] {processor.py:842} WARNING - No viable dags retrieved from /opt/airflow/dags/pipeline.py
[2024-07-20T18:35:14.263+0000] {processor.py:183} INFO - Processing /opt/airflow/dags/pipeline.py took 0.392 seconds
[2024-07-20T18:35:44.476+0000] {processor.py:161} INFO - Started process (PID=189) to work on /opt/airflow/dags/pipeline.py
[2024-07-20T18:35:44.491+0000] {processor.py:830} INFO - Processing file /opt/airflow/dags/pipeline.py for tasks to queue
[2024-07-20T18:35:44.493+0000] {logging_mixin.py:188} INFO - [2024-07-20T18:35:44.492+0000] {dagbag.py:545} INFO - Filling up the DagBag from /opt/airflow/dags/pipeline.py
[2024-07-20T18:35:44.982+0000] {logging_mixin.py:188} INFO - [2024-07-20T18:35:44.980+0000] {dagbag.py:355} ERROR - Failed to import: /opt/airflow/dags/pipeline.py
Traceback (most recent call last):
  File "/home/airflow/.local/lib/python3.12/site-packages/airflow/models/dagbag.py", line 351, in parse
    loader.exec_module(new_module)
  File "<frozen importlib._bootstrap_external>", line 995, in exec_module
  File "<frozen importlib._bootstrap>", line 488, in _call_with_frames_removed
  File "/opt/airflow/dags/pipeline.py", line 8, in <module>
    from scripts.mysql_dwh import dwh_init_tables, dwh_stage, dwh_transform_load, dwh_update_view
  File "/opt/airflow/dags/scripts/mysql_dwh.py", line 2, in <module>
    from modules.mysql_handler import Mysql_connector
  File "/opt/airflow/dags/modules/mysql_handler.py", line 1, in <module>
    import mysql.connector
  File "/home/airflow/.local/lib/python3.12/site-packages/mysql/connector/__init__.py", line 34, in <module>
    import _version
ModuleNotFoundError: No module named '_version'
[2024-07-20T18:35:44.983+0000] {processor.py:842} WARNING - No viable dags retrieved from /opt/airflow/dags/pipeline.py
[2024-07-20T18:35:45.085+0000] {processor.py:183} INFO - Processing /opt/airflow/dags/pipeline.py took 0.615 seconds
[2024-07-20T18:36:15.276+0000] {processor.py:161} INFO - Started process (PID=195) to work on /opt/airflow/dags/pipeline.py
[2024-07-20T18:36:15.292+0000] {processor.py:830} INFO - Processing file /opt/airflow/dags/pipeline.py for tasks to queue
[2024-07-20T18:36:15.294+0000] {logging_mixin.py:188} INFO - [2024-07-20T18:36:15.294+0000] {dagbag.py:545} INFO - Filling up the DagBag from /opt/airflow/dags/pipeline.py
[2024-07-20T18:36:15.749+0000] {logging_mixin.py:188} INFO - [2024-07-20T18:36:15.747+0000] {dagbag.py:355} ERROR - Failed to import: /opt/airflow/dags/pipeline.py
Traceback (most recent call last):
  File "/home/airflow/.local/lib/python3.12/site-packages/airflow/models/dagbag.py", line 351, in parse
    loader.exec_module(new_module)
  File "<frozen importlib._bootstrap_external>", line 995, in exec_module
  File "<frozen importlib._bootstrap>", line 488, in _call_with_frames_removed
  File "/opt/airflow/dags/pipeline.py", line 8, in <module>
    from scripts.mysql_dwh import dwh_init_tables, dwh_stage, dwh_transform_load, dwh_update_view
  File "/opt/airflow/dags/scripts/mysql_dwh.py", line 2, in <module>
    from modules.mysql_handler import Mysql_connector
  File "/opt/airflow/dags/modules/mysql_handler.py", line 1, in <module>
    import mysql.connector
  File "/home/airflow/.local/lib/python3.12/site-packages/mysql/connector/__init__.py", line 34, in <module>
    import _version
ModuleNotFoundError: No module named '_version'
[2024-07-20T18:36:15.749+0000] {processor.py:842} WARNING - No viable dags retrieved from /opt/airflow/dags/pipeline.py
[2024-07-20T18:36:15.804+0000] {processor.py:183} INFO - Processing /opt/airflow/dags/pipeline.py took 0.535 seconds
[2024-07-20T18:36:45.988+0000] {processor.py:161} INFO - Started process (PID=201) to work on /opt/airflow/dags/pipeline.py
[2024-07-20T18:36:45.995+0000] {processor.py:830} INFO - Processing file /opt/airflow/dags/pipeline.py for tasks to queue
[2024-07-20T18:36:45.997+0000] {logging_mixin.py:188} INFO - [2024-07-20T18:36:45.996+0000] {dagbag.py:545} INFO - Filling up the DagBag from /opt/airflow/dags/pipeline.py
[2024-07-20T18:36:46.408+0000] {logging_mixin.py:188} INFO - [2024-07-20T18:36:46.406+0000] {dagbag.py:355} ERROR - Failed to import: /opt/airflow/dags/pipeline.py
Traceback (most recent call last):
  File "/home/airflow/.local/lib/python3.12/site-packages/airflow/models/dagbag.py", line 351, in parse
    loader.exec_module(new_module)
  File "<frozen importlib._bootstrap_external>", line 995, in exec_module
  File "<frozen importlib._bootstrap>", line 488, in _call_with_frames_removed
  File "/opt/airflow/dags/pipeline.py", line 8, in <module>
    from scripts.mysql_dwh import dwh_init_tables, dwh_stage, dwh_transform_load, dwh_update_view
  File "/opt/airflow/dags/scripts/mysql_dwh.py", line 2, in <module>
    from modules.mysql_handler import Mysql_connector
  File "/opt/airflow/dags/modules/mysql_handler.py", line 1, in <module>
    import mysql.connector
  File "/home/airflow/.local/lib/python3.12/site-packages/mysql/connector/__init__.py", line 34, in <module>
    import _version
ModuleNotFoundError: No module named '_version'
[2024-07-20T18:36:46.408+0000] {processor.py:842} WARNING - No viable dags retrieved from /opt/airflow/dags/pipeline.py
[2024-07-20T18:36:46.429+0000] {processor.py:183} INFO - Processing /opt/airflow/dags/pipeline.py took 0.446 seconds
[2024-07-20T18:37:16.664+0000] {processor.py:161} INFO - Started process (PID=207) to work on /opt/airflow/dags/pipeline.py
[2024-07-20T18:37:16.665+0000] {processor.py:830} INFO - Processing file /opt/airflow/dags/pipeline.py for tasks to queue
[2024-07-20T18:37:16.667+0000] {logging_mixin.py:188} INFO - [2024-07-20T18:37:16.667+0000] {dagbag.py:545} INFO - Filling up the DagBag from /opt/airflow/dags/pipeline.py
[2024-07-20T18:37:17.365+0000] {logging_mixin.py:188} INFO - [2024-07-20T18:37:17.363+0000] {dagbag.py:355} ERROR - Failed to import: /opt/airflow/dags/pipeline.py
Traceback (most recent call last):
  File "/home/airflow/.local/lib/python3.12/site-packages/airflow/models/dagbag.py", line 351, in parse
    loader.exec_module(new_module)
  File "<frozen importlib._bootstrap_external>", line 995, in exec_module
  File "<frozen importlib._bootstrap>", line 488, in _call_with_frames_removed
  File "/opt/airflow/dags/pipeline.py", line 8, in <module>
    from scripts.mysql_dwh import dwh_init_tables, dwh_stage, dwh_transform_load, dwh_update_view
  File "/opt/airflow/dags/scripts/mysql_dwh.py", line 2, in <module>
    from modules.mysql_handler import Mysql_connector
  File "/opt/airflow/dags/modules/mysql_handler.py", line 1, in <module>
    import mysql.connector
  File "/home/airflow/.local/lib/python3.12/site-packages/mysql/connector/__init__.py", line 34, in <module>
    import _version
ModuleNotFoundError: No module named '_version'
[2024-07-20T18:37:17.365+0000] {processor.py:842} WARNING - No viable dags retrieved from /opt/airflow/dags/pipeline.py
[2024-07-20T18:37:17.422+0000] {processor.py:183} INFO - Processing /opt/airflow/dags/pipeline.py took 0.763 seconds
[2024-07-20T18:37:47.614+0000] {processor.py:161} INFO - Started process (PID=213) to work on /opt/airflow/dags/pipeline.py
[2024-07-20T18:37:47.634+0000] {processor.py:830} INFO - Processing file /opt/airflow/dags/pipeline.py for tasks to queue
[2024-07-20T18:37:47.635+0000] {logging_mixin.py:188} INFO - [2024-07-20T18:37:47.635+0000] {dagbag.py:545} INFO - Filling up the DagBag from /opt/airflow/dags/pipeline.py
[2024-07-20T18:37:48.094+0000] {logging_mixin.py:188} INFO - [2024-07-20T18:37:48.093+0000] {dagbag.py:355} ERROR - Failed to import: /opt/airflow/dags/pipeline.py
Traceback (most recent call last):
  File "/home/airflow/.local/lib/python3.12/site-packages/airflow/models/dagbag.py", line 351, in parse
    loader.exec_module(new_module)
  File "<frozen importlib._bootstrap_external>", line 995, in exec_module
  File "<frozen importlib._bootstrap>", line 488, in _call_with_frames_removed
  File "/opt/airflow/dags/pipeline.py", line 8, in <module>
    from scripts.mysql_dwh import dwh_init_tables, dwh_stage, dwh_transform_load, dwh_update_view
  File "/opt/airflow/dags/scripts/mysql_dwh.py", line 2, in <module>
    from modules.mysql_handler import Mysql_connector
  File "/opt/airflow/dags/modules/mysql_handler.py", line 1, in <module>
    import mysql.connector
  File "/home/airflow/.local/lib/python3.12/site-packages/mysql/connector/__init__.py", line 34, in <module>
    import _version
ModuleNotFoundError: No module named '_version'
[2024-07-20T18:37:48.095+0000] {processor.py:842} WARNING - No viable dags retrieved from /opt/airflow/dags/pipeline.py
[2024-07-20T18:37:48.136+0000] {processor.py:183} INFO - Processing /opt/airflow/dags/pipeline.py took 0.528 seconds
[2024-07-20T18:38:18.426+0000] {processor.py:161} INFO - Started process (PID=219) to work on /opt/airflow/dags/pipeline.py
[2024-07-20T18:38:18.456+0000] {processor.py:830} INFO - Processing file /opt/airflow/dags/pipeline.py for tasks to queue
[2024-07-20T18:38:18.461+0000] {logging_mixin.py:188} INFO - [2024-07-20T18:38:18.460+0000] {dagbag.py:545} INFO - Filling up the DagBag from /opt/airflow/dags/pipeline.py
[2024-07-20T18:38:19.262+0000] {logging_mixin.py:188} INFO - [2024-07-20T18:38:19.261+0000] {dagbag.py:355} ERROR - Failed to import: /opt/airflow/dags/pipeline.py
Traceback (most recent call last):
  File "/home/airflow/.local/lib/python3.12/site-packages/airflow/models/dagbag.py", line 351, in parse
    loader.exec_module(new_module)
  File "<frozen importlib._bootstrap_external>", line 995, in exec_module
  File "<frozen importlib._bootstrap>", line 488, in _call_with_frames_removed
  File "/opt/airflow/dags/pipeline.py", line 8, in <module>
    from scripts.mysql_dwh import dwh_init_tables, dwh_stage, dwh_transform_load, dwh_update_view
  File "/opt/airflow/dags/scripts/mysql_dwh.py", line 2, in <module>
    from modules.mysql_handler import Mysql_connector
  File "/opt/airflow/dags/modules/mysql_handler.py", line 1, in <module>
    import mysql.connector
  File "/home/airflow/.local/lib/python3.12/site-packages/mysql/connector/__init__.py", line 34, in <module>
    import _version
ModuleNotFoundError: No module named '_version'
[2024-07-20T18:38:19.263+0000] {processor.py:842} WARNING - No viable dags retrieved from /opt/airflow/dags/pipeline.py
[2024-07-20T18:38:19.289+0000] {processor.py:183} INFO - Processing /opt/airflow/dags/pipeline.py took 0.877 seconds
[2024-07-20T18:38:49.493+0000] {processor.py:161} INFO - Started process (PID=225) to work on /opt/airflow/dags/pipeline.py
[2024-07-20T18:38:49.494+0000] {processor.py:830} INFO - Processing file /opt/airflow/dags/pipeline.py for tasks to queue
[2024-07-20T18:38:49.495+0000] {logging_mixin.py:188} INFO - [2024-07-20T18:38:49.495+0000] {dagbag.py:545} INFO - Filling up the DagBag from /opt/airflow/dags/pipeline.py
[2024-07-20T18:38:49.960+0000] {logging_mixin.py:188} INFO - [2024-07-20T18:38:49.959+0000] {dagbag.py:355} ERROR - Failed to import: /opt/airflow/dags/pipeline.py
Traceback (most recent call last):
  File "/home/airflow/.local/lib/python3.12/site-packages/airflow/models/dagbag.py", line 351, in parse
    loader.exec_module(new_module)
  File "<frozen importlib._bootstrap_external>", line 995, in exec_module
  File "<frozen importlib._bootstrap>", line 488, in _call_with_frames_removed
  File "/opt/airflow/dags/pipeline.py", line 8, in <module>
    from scripts.mysql_dwh import dwh_init_tables, dwh_stage, dwh_transform_load, dwh_update_view
  File "/opt/airflow/dags/scripts/mysql_dwh.py", line 2, in <module>
    from modules.mysql_handler import Mysql_connector
  File "/opt/airflow/dags/modules/mysql_handler.py", line 1, in <module>
    import mysql.connector
  File "/home/airflow/.local/lib/python3.12/site-packages/mysql/connector/__init__.py", line 34, in <module>
    import _version
ModuleNotFoundError: No module named '_version'
[2024-07-20T18:38:49.961+0000] {processor.py:842} WARNING - No viable dags retrieved from /opt/airflow/dags/pipeline.py
[2024-07-20T18:38:49.994+0000] {processor.py:183} INFO - Processing /opt/airflow/dags/pipeline.py took 0.507 seconds
[2024-07-20T18:39:20.218+0000] {processor.py:161} INFO - Started process (PID=231) to work on /opt/airflow/dags/pipeline.py
[2024-07-20T18:39:20.246+0000] {processor.py:830} INFO - Processing file /opt/airflow/dags/pipeline.py for tasks to queue
[2024-07-20T18:39:20.251+0000] {logging_mixin.py:188} INFO - [2024-07-20T18:39:20.249+0000] {dagbag.py:545} INFO - Filling up the DagBag from /opt/airflow/dags/pipeline.py
[2024-07-20T18:39:20.671+0000] {logging_mixin.py:188} INFO - [2024-07-20T18:39:20.670+0000] {dagbag.py:355} ERROR - Failed to import: /opt/airflow/dags/pipeline.py
Traceback (most recent call last):
  File "/home/airflow/.local/lib/python3.12/site-packages/airflow/models/dagbag.py", line 351, in parse
    loader.exec_module(new_module)
  File "<frozen importlib._bootstrap_external>", line 995, in exec_module
  File "<frozen importlib._bootstrap>", line 488, in _call_with_frames_removed
  File "/opt/airflow/dags/pipeline.py", line 8, in <module>
    from scripts.mysql_dwh import dwh_init_tables, dwh_stage, dwh_transform_load, dwh_update_view
  File "/opt/airflow/dags/scripts/mysql_dwh.py", line 2, in <module>
    from modules.mysql_handler import Mysql_connector
  File "/opt/airflow/dags/modules/mysql_handler.py", line 1, in <module>
    import mysql.connector
  File "/home/airflow/.local/lib/python3.12/site-packages/mysql/connector/__init__.py", line 34, in <module>
    import _version
ModuleNotFoundError: No module named '_version'
[2024-07-20T18:39:20.672+0000] {processor.py:842} WARNING - No viable dags retrieved from /opt/airflow/dags/pipeline.py
[2024-07-20T18:39:20.708+0000] {processor.py:183} INFO - Processing /opt/airflow/dags/pipeline.py took 0.497 seconds
[2024-07-20T18:39:50.910+0000] {processor.py:161} INFO - Started process (PID=237) to work on /opt/airflow/dags/pipeline.py
[2024-07-20T18:39:50.911+0000] {processor.py:830} INFO - Processing file /opt/airflow/dags/pipeline.py for tasks to queue
[2024-07-20T18:39:50.912+0000] {logging_mixin.py:188} INFO - [2024-07-20T18:39:50.912+0000] {dagbag.py:545} INFO - Filling up the DagBag from /opt/airflow/dags/pipeline.py
[2024-07-20T18:39:51.365+0000] {logging_mixin.py:188} INFO - [2024-07-20T18:39:51.364+0000] {dagbag.py:355} ERROR - Failed to import: /opt/airflow/dags/pipeline.py
Traceback (most recent call last):
  File "/home/airflow/.local/lib/python3.12/site-packages/airflow/models/dagbag.py", line 351, in parse
    loader.exec_module(new_module)
  File "<frozen importlib._bootstrap_external>", line 995, in exec_module
  File "<frozen importlib._bootstrap>", line 488, in _call_with_frames_removed
  File "/opt/airflow/dags/pipeline.py", line 8, in <module>
    from scripts.mysql_dwh import dwh_init_tables, dwh_stage, dwh_transform_load, dwh_update_view
  File "/opt/airflow/dags/scripts/mysql_dwh.py", line 2, in <module>
    from modules.mysql_handler import Mysql_connector
  File "/opt/airflow/dags/modules/mysql_handler.py", line 1, in <module>
    import mysql.connector
  File "/home/airflow/.local/lib/python3.12/site-packages/mysql/connector/__init__.py", line 34, in <module>
    import _version
ModuleNotFoundError: No module named '_version'
[2024-07-20T18:39:51.365+0000] {processor.py:842} WARNING - No viable dags retrieved from /opt/airflow/dags/pipeline.py
[2024-07-20T18:39:51.399+0000] {processor.py:183} INFO - Processing /opt/airflow/dags/pipeline.py took 0.496 seconds
[2024-07-20T18:40:21.609+0000] {processor.py:161} INFO - Started process (PID=243) to work on /opt/airflow/dags/pipeline.py
[2024-07-20T18:40:21.627+0000] {processor.py:830} INFO - Processing file /opt/airflow/dags/pipeline.py for tasks to queue
[2024-07-20T18:40:21.629+0000] {logging_mixin.py:188} INFO - [2024-07-20T18:40:21.629+0000] {dagbag.py:545} INFO - Filling up the DagBag from /opt/airflow/dags/pipeline.py
[2024-07-20T18:40:22.048+0000] {logging_mixin.py:188} INFO - [2024-07-20T18:40:22.046+0000] {dagbag.py:355} ERROR - Failed to import: /opt/airflow/dags/pipeline.py
Traceback (most recent call last):
  File "/home/airflow/.local/lib/python3.12/site-packages/airflow/models/dagbag.py", line 351, in parse
    loader.exec_module(new_module)
  File "<frozen importlib._bootstrap_external>", line 995, in exec_module
  File "<frozen importlib._bootstrap>", line 488, in _call_with_frames_removed
  File "/opt/airflow/dags/pipeline.py", line 8, in <module>
    from scripts.mysql_dwh import dwh_init_tables, dwh_stage, dwh_transform_load, dwh_update_view
  File "/opt/airflow/dags/scripts/mysql_dwh.py", line 2, in <module>
    from modules.mysql_handler import Mysql_connector
  File "/opt/airflow/dags/modules/mysql_handler.py", line 1, in <module>
    import mysql.connector
  File "/home/airflow/.local/lib/python3.12/site-packages/mysql/connector/__init__.py", line 34, in <module>
    import _version
ModuleNotFoundError: No module named '_version'
[2024-07-20T18:40:22.048+0000] {processor.py:842} WARNING - No viable dags retrieved from /opt/airflow/dags/pipeline.py
[2024-07-20T18:40:22.091+0000] {processor.py:183} INFO - Processing /opt/airflow/dags/pipeline.py took 0.489 seconds
[2024-07-20T18:40:52.351+0000] {processor.py:161} INFO - Started process (PID=249) to work on /opt/airflow/dags/pipeline.py
[2024-07-20T18:40:52.369+0000] {processor.py:830} INFO - Processing file /opt/airflow/dags/pipeline.py for tasks to queue
[2024-07-20T18:40:52.375+0000] {logging_mixin.py:188} INFO - [2024-07-20T18:40:52.374+0000] {dagbag.py:545} INFO - Filling up the DagBag from /opt/airflow/dags/pipeline.py
[2024-07-20T18:40:52.969+0000] {logging_mixin.py:188} INFO - [2024-07-20T18:40:52.967+0000] {dagbag.py:355} ERROR - Failed to import: /opt/airflow/dags/pipeline.py
Traceback (most recent call last):
  File "/home/airflow/.local/lib/python3.12/site-packages/airflow/models/dagbag.py", line 351, in parse
    loader.exec_module(new_module)
  File "<frozen importlib._bootstrap_external>", line 995, in exec_module
  File "<frozen importlib._bootstrap>", line 488, in _call_with_frames_removed
  File "/opt/airflow/dags/pipeline.py", line 8, in <module>
    from scripts.mysql_dwh import dwh_init_tables, dwh_stage, dwh_transform_load, dwh_update_view
  File "/opt/airflow/dags/scripts/mysql_dwh.py", line 2, in <module>
    from modules.mysql_handler import Mysql_connector
  File "/opt/airflow/dags/modules/mysql_handler.py", line 1, in <module>
    import mysql.connector
  File "/home/airflow/.local/lib/python3.12/site-packages/mysql/connector/__init__.py", line 34, in <module>
    import _version
ModuleNotFoundError: No module named '_version'
[2024-07-20T18:40:52.969+0000] {processor.py:842} WARNING - No viable dags retrieved from /opt/airflow/dags/pipeline.py
[2024-07-20T18:40:53.010+0000] {processor.py:183} INFO - Processing /opt/airflow/dags/pipeline.py took 0.679 seconds
[2024-07-20T18:41:23.274+0000] {processor.py:161} INFO - Started process (PID=255) to work on /opt/airflow/dags/pipeline.py
[2024-07-20T18:41:23.295+0000] {processor.py:830} INFO - Processing file /opt/airflow/dags/pipeline.py for tasks to queue
[2024-07-20T18:41:23.297+0000] {logging_mixin.py:188} INFO - [2024-07-20T18:41:23.297+0000] {dagbag.py:545} INFO - Filling up the DagBag from /opt/airflow/dags/pipeline.py
[2024-07-20T18:41:23.720+0000] {logging_mixin.py:188} INFO - [2024-07-20T18:41:23.719+0000] {dagbag.py:355} ERROR - Failed to import: /opt/airflow/dags/pipeline.py
Traceback (most recent call last):
  File "/home/airflow/.local/lib/python3.12/site-packages/airflow/models/dagbag.py", line 351, in parse
    loader.exec_module(new_module)
  File "<frozen importlib._bootstrap_external>", line 995, in exec_module
  File "<frozen importlib._bootstrap>", line 488, in _call_with_frames_removed
  File "/opt/airflow/dags/pipeline.py", line 8, in <module>
    from scripts.mysql_dwh import dwh_init_tables, dwh_stage, dwh_transform_load, dwh_update_view
  File "/opt/airflow/dags/scripts/mysql_dwh.py", line 2, in <module>
    from modules.mysql_handler import Mysql_connector
  File "/opt/airflow/dags/modules/mysql_handler.py", line 1, in <module>
    import mysql.connector
  File "/home/airflow/.local/lib/python3.12/site-packages/mysql/connector/__init__.py", line 34, in <module>
    import _version
ModuleNotFoundError: No module named '_version'
[2024-07-20T18:41:23.720+0000] {processor.py:842} WARNING - No viable dags retrieved from /opt/airflow/dags/pipeline.py
[2024-07-20T18:41:23.760+0000] {processor.py:183} INFO - Processing /opt/airflow/dags/pipeline.py took 0.499 seconds
[2024-07-20T18:41:54.010+0000] {processor.py:161} INFO - Started process (PID=261) to work on /opt/airflow/dags/pipeline.py
[2024-07-20T18:41:54.011+0000] {processor.py:830} INFO - Processing file /opt/airflow/dags/pipeline.py for tasks to queue
[2024-07-20T18:41:54.012+0000] {logging_mixin.py:188} INFO - [2024-07-20T18:41:54.012+0000] {dagbag.py:545} INFO - Filling up the DagBag from /opt/airflow/dags/pipeline.py
[2024-07-20T18:41:54.433+0000] {logging_mixin.py:188} INFO - [2024-07-20T18:41:54.431+0000] {dagbag.py:355} ERROR - Failed to import: /opt/airflow/dags/pipeline.py
Traceback (most recent call last):
  File "/home/airflow/.local/lib/python3.12/site-packages/airflow/models/dagbag.py", line 351, in parse
    loader.exec_module(new_module)
  File "<frozen importlib._bootstrap_external>", line 995, in exec_module
  File "<frozen importlib._bootstrap>", line 488, in _call_with_frames_removed
  File "/opt/airflow/dags/pipeline.py", line 8, in <module>
    from scripts.mysql_dwh import dwh_init_tables, dwh_stage, dwh_transform_load, dwh_update_view
  File "/opt/airflow/dags/scripts/mysql_dwh.py", line 2, in <module>
    from modules.mysql_handler import Mysql_connector
  File "/opt/airflow/dags/modules/mysql_handler.py", line 1, in <module>
    import mysql.connector
  File "/home/airflow/.local/lib/python3.12/site-packages/mysql/connector/__init__.py", line 34, in <module>
    import _version
ModuleNotFoundError: No module named '_version'
[2024-07-20T18:41:54.433+0000] {processor.py:842} WARNING - No viable dags retrieved from /opt/airflow/dags/pipeline.py
[2024-07-20T18:41:54.471+0000] {processor.py:183} INFO - Processing /opt/airflow/dags/pipeline.py took 0.468 seconds
[2024-07-20T18:42:24.693+0000] {processor.py:161} INFO - Started process (PID=267) to work on /opt/airflow/dags/pipeline.py
[2024-07-20T18:42:24.707+0000] {processor.py:830} INFO - Processing file /opt/airflow/dags/pipeline.py for tasks to queue
[2024-07-20T18:42:24.709+0000] {logging_mixin.py:188} INFO - [2024-07-20T18:42:24.708+0000] {dagbag.py:545} INFO - Filling up the DagBag from /opt/airflow/dags/pipeline.py
[2024-07-20T18:42:25.139+0000] {logging_mixin.py:188} INFO - [2024-07-20T18:42:25.138+0000] {dagbag.py:355} ERROR - Failed to import: /opt/airflow/dags/pipeline.py
Traceback (most recent call last):
  File "/home/airflow/.local/lib/python3.12/site-packages/airflow/models/dagbag.py", line 351, in parse
    loader.exec_module(new_module)
  File "<frozen importlib._bootstrap_external>", line 995, in exec_module
  File "<frozen importlib._bootstrap>", line 488, in _call_with_frames_removed
  File "/opt/airflow/dags/pipeline.py", line 5, in <module>
    from scripts.global_var import _LANDED, _PROCESSED, _CLEANED, _MYSQL_CSVS_DIR, _SQL_TABLES_INIT, _SQL_STAGING, _SQL_TRANSFORM_LOAD, _SQL_UPDATE_VIEW
  File "/opt/airflow/dags/scripts/global_var.py", line 2, in <module>
    from pymongo import MongoClient
    ^^^^^^^^^^^^^^^^^^^^^^^
ImportError: cannot import name 'cle' from 'pymongo' (/home/airflow/.local/lib/python3.12/site-packages/pymongo/__init__.py)
[2024-07-20T18:42:25.140+0000] {processor.py:842} WARNING - No viable dags retrieved from /opt/airflow/dags/pipeline.py
[2024-07-20T18:42:25.201+0000] {processor.py:183} INFO - Processing /opt/airflow/dags/pipeline.py took 0.515 seconds
[2024-07-20T18:42:55.428+0000] {processor.py:161} INFO - Started process (PID=272) to work on /opt/airflow/dags/pipeline.py
[2024-07-20T18:42:55.467+0000] {processor.py:830} INFO - Processing file /opt/airflow/dags/pipeline.py for tasks to queue
[2024-07-20T18:42:55.469+0000] {logging_mixin.py:188} INFO - [2024-07-20T18:42:55.468+0000] {dagbag.py:545} INFO - Filling up the DagBag from /opt/airflow/dags/pipeline.py
[2024-07-20T18:42:56.124+0000] {logging_mixin.py:188} INFO - [2024-07-20T18:42:56.123+0000] {dagbag.py:355} ERROR - Failed to import: /opt/airflow/dags/pipeline.py
Traceback (most recent call last):
  File "/home/airflow/.local/lib/python3.12/site-packages/airflow/models/dagbag.py", line 351, in parse
    loader.exec_module(new_module)
  File "<frozen importlib._bootstrap_external>", line 995, in exec_module
  File "<frozen importlib._bootstrap>", line 488, in _call_with_frames_removed
  File "/opt/airflow/dags/pipeline.py", line 8, in <module>
    from scripts.mysql_dwh import dwh_init_tables, dwh_stage, dwh_transform_load, dwh_update_view
  File "/opt/airflow/dags/scripts/mysql_dwh.py", line 2, in <module>
    from modules.mysql_handler import Mysql_connector
  File "/opt/airflow/dags/modules/mysql_handler.py", line 1, in <module>
    import mysql.connector
  File "/home/airflow/.local/lib/python3.12/site-packages/mysql/connector/__init__.py", line 34, in <module>
    import _version
ModuleNotFoundError: No module named '_version'
[2024-07-20T18:42:56.124+0000] {processor.py:842} WARNING - No viable dags retrieved from /opt/airflow/dags/pipeline.py
[2024-07-20T18:42:56.166+0000] {processor.py:183} INFO - Processing /opt/airflow/dags/pipeline.py took 0.746 seconds
[2024-07-20T18:43:26.385+0000] {processor.py:161} INFO - Started process (PID=280) to work on /opt/airflow/dags/pipeline.py
[2024-07-20T18:43:26.408+0000] {processor.py:830} INFO - Processing file /opt/airflow/dags/pipeline.py for tasks to queue
[2024-07-20T18:43:26.410+0000] {logging_mixin.py:188} INFO - [2024-07-20T18:43:26.409+0000] {dagbag.py:545} INFO - Filling up the DagBag from /opt/airflow/dags/pipeline.py
[2024-07-20T18:43:26.985+0000] {logging_mixin.py:188} INFO - [2024-07-20T18:43:26.982+0000] {dagbag.py:355} ERROR - Failed to import: /opt/airflow/dags/pipeline.py
Traceback (most recent call last):
  File "/home/airflow/.local/lib/python3.12/site-packages/airflow/models/dagbag.py", line 351, in parse
    loader.exec_module(new_module)
  File "<frozen importlib._bootstrap_external>", line 995, in exec_module
  File "<frozen importlib._bootstrap>", line 488, in _call_with_frames_removed
  File "/opt/airflow/dags/pipeline.py", line 8, in <module>
    from scripts.mysql_dwh import dwh_init_tables, dwh_stage, dwh_transform_load, dwh_update_view
  File "/opt/airflow/dags/scripts/mysql_dwh.py", line 2, in <module>
    from modules.mysql_handler import Mysql_connector
  File "/opt/airflow/dags/modules/mysql_handler.py", line 1, in <module>
    import mysql.connector
  File "/home/airflow/.local/lib/python3.12/site-packages/mysql/connector/__init__.py", line 34, in <module>
    import _version
ModuleNotFoundError: No module named '_version'
[2024-07-20T18:43:26.986+0000] {processor.py:842} WARNING - No viable dags retrieved from /opt/airflow/dags/pipeline.py
[2024-07-20T18:43:27.047+0000] {processor.py:183} INFO - Processing /opt/airflow/dags/pipeline.py took 0.668 seconds
[2024-07-20T18:43:57.327+0000] {processor.py:161} INFO - Started process (PID=288) to work on /opt/airflow/dags/pipeline.py
[2024-07-20T18:43:57.329+0000] {processor.py:830} INFO - Processing file /opt/airflow/dags/pipeline.py for tasks to queue
[2024-07-20T18:43:57.331+0000] {logging_mixin.py:188} INFO - [2024-07-20T18:43:57.331+0000] {dagbag.py:545} INFO - Filling up the DagBag from /opt/airflow/dags/pipeline.py
[2024-07-20T18:43:57.808+0000] {logging_mixin.py:188} INFO - [2024-07-20T18:43:57.807+0000] {dagbag.py:355} ERROR - Failed to import: /opt/airflow/dags/pipeline.py
Traceback (most recent call last):
  File "/home/airflow/.local/lib/python3.12/site-packages/airflow/models/dagbag.py", line 351, in parse
    loader.exec_module(new_module)
  File "<frozen importlib._bootstrap_external>", line 995, in exec_module
  File "<frozen importlib._bootstrap>", line 488, in _call_with_frames_removed
  File "/opt/airflow/dags/pipeline.py", line 8, in <module>
    from scripts.mysql_dwh import dwh_init_tables, dwh_stage, dwh_transform_load, dwh_update_view
  File "/opt/airflow/dags/scripts/mysql_dwh.py", line 2, in <module>
    from modules.mysql_handler import Mysql_connector
  File "/opt/airflow/dags/modules/mysql_handler.py", line 1, in <module>
    import mysql.connector
  File "/home/airflow/.local/lib/python3.12/site-packages/mysql/connector/__init__.py", line 34, in <module>
    import _version
ModuleNotFoundError: No module named '_version'
[2024-07-20T18:43:57.808+0000] {processor.py:842} WARNING - No viable dags retrieved from /opt/airflow/dags/pipeline.py
[2024-07-20T18:43:57.840+0000] {processor.py:183} INFO - Processing /opt/airflow/dags/pipeline.py took 0.525 seconds
[2024-07-20T18:44:27.932+0000] {processor.py:161} INFO - Started process (PID=296) to work on /opt/airflow/dags/pipeline.py
[2024-07-20T18:44:27.958+0000] {processor.py:830} INFO - Processing file /opt/airflow/dags/pipeline.py for tasks to queue
[2024-07-20T18:44:27.959+0000] {logging_mixin.py:188} INFO - [2024-07-20T18:44:27.959+0000] {dagbag.py:545} INFO - Filling up the DagBag from /opt/airflow/dags/pipeline.py
[2024-07-20T18:44:29.006+0000] {logging_mixin.py:188} INFO - [2024-07-20T18:44:29.003+0000] {dagbag.py:355} ERROR - Failed to import: /opt/airflow/dags/pipeline.py
Traceback (most recent call last):
  File "/home/airflow/.local/lib/python3.12/site-packages/airflow/models/dagbag.py", line 351, in parse
    loader.exec_module(new_module)
  File "<frozen importlib._bootstrap_external>", line 995, in exec_module
  File "<frozen importlib._bootstrap>", line 488, in _call_with_frames_removed
  File "/opt/airflow/dags/pipeline.py", line 8, in <module>
    from scripts.mysql_dwh import dwh_init_tables, dwh_stage, dwh_transform_load, dwh_update_view
  File "/opt/airflow/dags/scripts/mysql_dwh.py", line 2, in <module>
    from modules.mysql_handler import Mysql_connector
  File "/opt/airflow/dags/modules/mysql_handler.py", line 1, in <module>
    import mysql.connector
  File "/home/airflow/.local/lib/python3.12/site-packages/mysql/connector/__init__.py", line 34, in <module>
    import _version
ModuleNotFoundError: No module named '_version'
[2024-07-20T18:44:29.007+0000] {processor.py:842} WARNING - No viable dags retrieved from /opt/airflow/dags/pipeline.py
[2024-07-20T18:44:29.030+0000] {processor.py:183} INFO - Processing /opt/airflow/dags/pipeline.py took 1.107 seconds
[2024-07-20T18:44:59.216+0000] {processor.py:161} INFO - Started process (PID=304) to work on /opt/airflow/dags/pipeline.py
[2024-07-20T18:44:59.234+0000] {processor.py:830} INFO - Processing file /opt/airflow/dags/pipeline.py for tasks to queue
[2024-07-20T18:44:59.236+0000] {logging_mixin.py:188} INFO - [2024-07-20T18:44:59.236+0000] {dagbag.py:545} INFO - Filling up the DagBag from /opt/airflow/dags/pipeline.py
[2024-07-20T18:44:59.786+0000] {logging_mixin.py:188} INFO - [2024-07-20T18:44:59.784+0000] {dagbag.py:355} ERROR - Failed to import: /opt/airflow/dags/pipeline.py
Traceback (most recent call last):
  File "/home/airflow/.local/lib/python3.12/site-packages/airflow/models/dagbag.py", line 351, in parse
    loader.exec_module(new_module)
  File "<frozen importlib._bootstrap_external>", line 995, in exec_module
  File "<frozen importlib._bootstrap>", line 488, in _call_with_frames_removed
  File "/opt/airflow/dags/pipeline.py", line 8, in <module>
    from scripts.mysql_dwh import dwh_init_tables, dwh_stage, dwh_transform_load, dwh_update_view
  File "/opt/airflow/dags/scripts/mysql_dwh.py", line 2, in <module>
    from modules.mysql_handler import Mysql_connector
  File "/opt/airflow/dags/modules/mysql_handler.py", line 1, in <module>
    import mysql.connector
  File "/home/airflow/.local/lib/python3.12/site-packages/mysql/connector/__init__.py", line 34, in <module>
    import _version
ModuleNotFoundError: No module named '_version'
[2024-07-20T18:44:59.786+0000] {processor.py:842} WARNING - No viable dags retrieved from /opt/airflow/dags/pipeline.py
[2024-07-20T18:44:59.815+0000] {processor.py:183} INFO - Processing /opt/airflow/dags/pipeline.py took 0.604 seconds
[2024-07-20T18:45:30.026+0000] {processor.py:161} INFO - Started process (PID=312) to work on /opt/airflow/dags/pipeline.py
[2024-07-20T18:45:30.052+0000] {processor.py:830} INFO - Processing file /opt/airflow/dags/pipeline.py for tasks to queue
[2024-07-20T18:45:30.054+0000] {logging_mixin.py:188} INFO - [2024-07-20T18:45:30.053+0000] {dagbag.py:545} INFO - Filling up the DagBag from /opt/airflow/dags/pipeline.py
[2024-07-20T18:45:30.522+0000] {logging_mixin.py:188} INFO - [2024-07-20T18:45:30.521+0000] {dagbag.py:355} ERROR - Failed to import: /opt/airflow/dags/pipeline.py
Traceback (most recent call last):
  File "/home/airflow/.local/lib/python3.12/site-packages/airflow/models/dagbag.py", line 351, in parse
    loader.exec_module(new_module)
  File "<frozen importlib._bootstrap_external>", line 995, in exec_module
  File "<frozen importlib._bootstrap>", line 488, in _call_with_frames_removed
  File "/opt/airflow/dags/pipeline.py", line 8, in <module>
    from scripts.mysql_dwh import dwh_init_tables, dwh_stage, dwh_transform_load, dwh_update_view
  File "/opt/airflow/dags/scripts/mysql_dwh.py", line 2, in <module>
    from modules.mysql_handler import Mysql_connector
  File "/opt/airflow/dags/modules/mysql_handler.py", line 1, in <module>
    import mysql.connector
  File "/home/airflow/.local/lib/python3.12/site-packages/mysql/connector/__init__.py", line 34, in <module>
    import _version
ModuleNotFoundError: No module named '_version'
[2024-07-20T18:45:30.522+0000] {processor.py:842} WARNING - No viable dags retrieved from /opt/airflow/dags/pipeline.py
[2024-07-20T18:45:30.566+0000] {processor.py:183} INFO - Processing /opt/airflow/dags/pipeline.py took 0.547 seconds
[2024-07-20T18:45:37.574+0000] {processor.py:161} INFO - Started process (PID=320) to work on /opt/airflow/dags/pipeline.py
[2024-07-20T18:45:37.588+0000] {processor.py:830} INFO - Processing file /opt/airflow/dags/pipeline.py for tasks to queue
[2024-07-20T18:45:37.594+0000] {logging_mixin.py:188} INFO - [2024-07-20T18:45:37.593+0000] {dagbag.py:545} INFO - Filling up the DagBag from /opt/airflow/dags/pipeline.py
[2024-07-20T18:45:37.613+0000] {logging_mixin.py:188} INFO - [2024-07-20T18:45:37.608+0000] {dagbag.py:355} ERROR - Failed to import: /opt/airflow/dags/pipeline.py
Traceback (most recent call last):
  File "/home/airflow/.local/lib/python3.12/site-packages/airflow/models/dagbag.py", line 351, in parse
    loader.exec_module(new_module)
  File "<frozen importlib._bootstrap_external>", line 995, in exec_module
  File "<frozen importlib._bootstrap>", line 488, in _call_with_frames_removed
  File "/opt/airflow/dags/pipeline.py", line 5, in <module>
    from DAGs.scripts.csv_global_var import _LANDED, _PROCESSED, _CLEANED, _MYSQL_CSVS_DIR, _SQL_TABLES_INIT, _SQL_STAGING, _SQL_TRANSFORM_LOAD, _SQL_UPDATE_VIEW
ModuleNotFoundError: No module named 'DAGs'
[2024-07-20T18:45:37.616+0000] {processor.py:842} WARNING - No viable dags retrieved from /opt/airflow/dags/pipeline.py
[2024-07-20T18:45:37.744+0000] {processor.py:183} INFO - Processing /opt/airflow/dags/pipeline.py took 0.188 seconds
[2024-07-20T18:46:07.971+0000] {processor.py:161} INFO - Started process (PID=325) to work on /opt/airflow/dags/pipeline.py
[2024-07-20T18:46:08.040+0000] {processor.py:830} INFO - Processing file /opt/airflow/dags/pipeline.py for tasks to queue
[2024-07-20T18:46:08.047+0000] {logging_mixin.py:188} INFO - [2024-07-20T18:46:08.044+0000] {dagbag.py:545} INFO - Filling up the DagBag from /opt/airflow/dags/pipeline.py
[2024-07-20T18:46:08.062+0000] {logging_mixin.py:188} INFO - [2024-07-20T18:46:08.054+0000] {dagbag.py:355} ERROR - Failed to import: /opt/airflow/dags/pipeline.py
Traceback (most recent call last):
  File "/home/airflow/.local/lib/python3.12/site-packages/airflow/models/dagbag.py", line 351, in parse
    loader.exec_module(new_module)
  File "<frozen importlib._bootstrap_external>", line 995, in exec_module
  File "<frozen importlib._bootstrap>", line 488, in _call_with_frames_removed
  File "/opt/airflow/dags/pipeline.py", line 5, in <module>
    from DAGs.scripts.csv_global_var import _LANDED, _PROCESSED, _CLEANED, _MYSQL_CSVS_DIR, _SQL_TABLES_INIT, _SQL_STAGING, _SQL_TRANSFORM_LOAD, _SQL_UPDATE_VIEW
ModuleNotFoundError: No module named 'DAGs'
[2024-07-20T18:46:08.067+0000] {processor.py:842} WARNING - No viable dags retrieved from /opt/airflow/dags/pipeline.py
[2024-07-20T18:46:08.383+0000] {processor.py:183} INFO - Processing /opt/airflow/dags/pipeline.py took 0.438 seconds
[2024-07-20T18:46:38.598+0000] {processor.py:161} INFO - Started process (PID=330) to work on /opt/airflow/dags/pipeline.py
[2024-07-20T18:46:38.605+0000] {processor.py:830} INFO - Processing file /opt/airflow/dags/pipeline.py for tasks to queue
[2024-07-20T18:46:38.610+0000] {logging_mixin.py:188} INFO - [2024-07-20T18:46:38.609+0000] {dagbag.py:545} INFO - Filling up the DagBag from /opt/airflow/dags/pipeline.py
[2024-07-20T18:46:38.614+0000] {logging_mixin.py:188} INFO - [2024-07-20T18:46:38.612+0000] {dagbag.py:355} ERROR - Failed to import: /opt/airflow/dags/pipeline.py
Traceback (most recent call last):
  File "/home/airflow/.local/lib/python3.12/site-packages/airflow/models/dagbag.py", line 351, in parse
    loader.exec_module(new_module)
  File "<frozen importlib._bootstrap_external>", line 995, in exec_module
  File "<frozen importlib._bootstrap>", line 488, in _call_with_frames_removed
  File "/opt/airflow/dags/pipeline.py", line 5, in <module>
    from DAGs.scripts.csv_global_var import _LANDED, _PROCESSED, _CLEANED, _MYSQL_CSVS_DIR, _SQL_TABLES_INIT, _SQL_STAGING, _SQL_TRANSFORM_LOAD, _SQL_UPDATE_VIEW
ModuleNotFoundError: No module named 'DAGs'
[2024-07-20T18:46:38.614+0000] {processor.py:842} WARNING - No viable dags retrieved from /opt/airflow/dags/pipeline.py
[2024-07-20T18:46:38.673+0000] {processor.py:183} INFO - Processing /opt/airflow/dags/pipeline.py took 0.091 seconds
[2024-07-20T18:47:08.761+0000] {processor.py:161} INFO - Started process (PID=335) to work on /opt/airflow/dags/pipeline.py
[2024-07-20T18:47:08.778+0000] {processor.py:830} INFO - Processing file /opt/airflow/dags/pipeline.py for tasks to queue
[2024-07-20T18:47:08.780+0000] {logging_mixin.py:188} INFO - [2024-07-20T18:47:08.780+0000] {dagbag.py:545} INFO - Filling up the DagBag from /opt/airflow/dags/pipeline.py
[2024-07-20T18:47:08.783+0000] {logging_mixin.py:188} INFO - [2024-07-20T18:47:08.782+0000] {dagbag.py:355} ERROR - Failed to import: /opt/airflow/dags/pipeline.py
Traceback (most recent call last):
  File "/home/airflow/.local/lib/python3.12/site-packages/airflow/models/dagbag.py", line 351, in parse
    loader.exec_module(new_module)
  File "<frozen importlib._bootstrap_external>", line 995, in exec_module
  File "<frozen importlib._bootstrap>", line 488, in _call_with_frames_removed
  File "/opt/airflow/dags/pipeline.py", line 5, in <module>
    from DAGs.scripts.csv_global_var import _LANDED, _PROCESSED, _CLEANED, _MYSQL_CSVS_DIR, _SQL_TABLES_INIT, _SQL_STAGING, _SQL_TRANSFORM_LOAD, _SQL_UPDATE_VIEW
ModuleNotFoundError: No module named 'DAGs'
[2024-07-20T18:47:08.783+0000] {processor.py:842} WARNING - No viable dags retrieved from /opt/airflow/dags/pipeline.py
[2024-07-20T18:47:08.817+0000] {processor.py:183} INFO - Processing /opt/airflow/dags/pipeline.py took 0.061 seconds
[2024-07-20T18:47:39.022+0000] {processor.py:161} INFO - Started process (PID=340) to work on /opt/airflow/dags/pipeline.py
[2024-07-20T18:47:39.025+0000] {processor.py:830} INFO - Processing file /opt/airflow/dags/pipeline.py for tasks to queue
[2024-07-20T18:47:39.030+0000] {logging_mixin.py:188} INFO - [2024-07-20T18:47:39.028+0000] {dagbag.py:545} INFO - Filling up the DagBag from /opt/airflow/dags/pipeline.py
[2024-07-20T18:47:39.040+0000] {logging_mixin.py:188} INFO - [2024-07-20T18:47:39.036+0000] {dagbag.py:355} ERROR - Failed to import: /opt/airflow/dags/pipeline.py
Traceback (most recent call last):
  File "/home/airflow/.local/lib/python3.12/site-packages/airflow/models/dagbag.py", line 351, in parse
    loader.exec_module(new_module)
  File "<frozen importlib._bootstrap_external>", line 995, in exec_module
  File "<frozen importlib._bootstrap>", line 488, in _call_with_frames_removed
  File "/opt/airflow/dags/pipeline.py", line 5, in <module>
    from DAGs.scripts.csv_global_var import _LANDED, _PROCESSED, _CLEANED, _MYSQL_CSVS_DIR, _SQL_TABLES_INIT, _SQL_STAGING, _SQL_TRANSFORM_LOAD, _SQL_UPDATE_VIEW
ModuleNotFoundError: No module named 'DAGs'
[2024-07-20T18:47:39.042+0000] {processor.py:842} WARNING - No viable dags retrieved from /opt/airflow/dags/pipeline.py
[2024-07-20T18:47:39.117+0000] {processor.py:183} INFO - Processing /opt/airflow/dags/pipeline.py took 0.108 seconds
[2024-07-20T18:48:09.215+0000] {processor.py:161} INFO - Started process (PID=345) to work on /opt/airflow/dags/pipeline.py
[2024-07-20T18:48:09.216+0000] {processor.py:830} INFO - Processing file /opt/airflow/dags/pipeline.py for tasks to queue
[2024-07-20T18:48:09.218+0000] {logging_mixin.py:188} INFO - [2024-07-20T18:48:09.218+0000] {dagbag.py:545} INFO - Filling up the DagBag from /opt/airflow/dags/pipeline.py
[2024-07-20T18:48:09.222+0000] {logging_mixin.py:188} INFO - [2024-07-20T18:48:09.220+0000] {dagbag.py:355} ERROR - Failed to import: /opt/airflow/dags/pipeline.py
Traceback (most recent call last):
  File "/home/airflow/.local/lib/python3.12/site-packages/airflow/models/dagbag.py", line 351, in parse
    loader.exec_module(new_module)
  File "<frozen importlib._bootstrap_external>", line 995, in exec_module
  File "<frozen importlib._bootstrap>", line 488, in _call_with_frames_removed
  File "/opt/airflow/dags/pipeline.py", line 5, in <module>
    from DAGs.scripts.csv_global_var import _LANDED, _PROCESSED, _CLEANED, _MYSQL_CSVS_DIR, _SQL_TABLES_INIT, _SQL_STAGING, _SQL_TRANSFORM_LOAD, _SQL_UPDATE_VIEW
ModuleNotFoundError: No module named 'DAGs'
[2024-07-20T18:48:09.222+0000] {processor.py:842} WARNING - No viable dags retrieved from /opt/airflow/dags/pipeline.py
[2024-07-20T18:48:09.272+0000] {processor.py:183} INFO - Processing /opt/airflow/dags/pipeline.py took 0.063 seconds
[2024-07-20T18:48:39.413+0000] {processor.py:161} INFO - Started process (PID=350) to work on /opt/airflow/dags/pipeline.py
[2024-07-20T18:48:39.414+0000] {processor.py:830} INFO - Processing file /opt/airflow/dags/pipeline.py for tasks to queue
[2024-07-20T18:48:39.415+0000] {logging_mixin.py:188} INFO - [2024-07-20T18:48:39.415+0000] {dagbag.py:545} INFO - Filling up the DagBag from /opt/airflow/dags/pipeline.py
[2024-07-20T18:48:39.419+0000] {logging_mixin.py:188} INFO - [2024-07-20T18:48:39.418+0000] {dagbag.py:355} ERROR - Failed to import: /opt/airflow/dags/pipeline.py
Traceback (most recent call last):
  File "/home/airflow/.local/lib/python3.12/site-packages/airflow/models/dagbag.py", line 351, in parse
    loader.exec_module(new_module)
  File "<frozen importlib._bootstrap_external>", line 995, in exec_module
  File "<frozen importlib._bootstrap>", line 488, in _call_with_frames_removed
  File "/opt/airflow/dags/pipeline.py", line 5, in <module>
    from DAGs.scripts.csv_global_var import _LANDED, _PROCESSED, _CLEANED, _MYSQL_CSVS_DIR, _SQL_TABLES_INIT, _SQL_STAGING, _SQL_TRANSFORM_LOAD, _SQL_UPDATE_VIEW
ModuleNotFoundError: No module named 'DAGs'
[2024-07-20T18:48:39.420+0000] {processor.py:842} WARNING - No viable dags retrieved from /opt/airflow/dags/pipeline.py
[2024-07-20T18:48:39.471+0000] {processor.py:183} INFO - Processing /opt/airflow/dags/pipeline.py took 0.064 seconds
[2024-07-20T18:49:09.672+0000] {processor.py:161} INFO - Started process (PID=355) to work on /opt/airflow/dags/pipeline.py
[2024-07-20T18:49:09.690+0000] {processor.py:830} INFO - Processing file /opt/airflow/dags/pipeline.py for tasks to queue
[2024-07-20T18:49:09.692+0000] {logging_mixin.py:188} INFO - [2024-07-20T18:49:09.692+0000] {dagbag.py:545} INFO - Filling up the DagBag from /opt/airflow/dags/pipeline.py
[2024-07-20T18:49:09.696+0000] {logging_mixin.py:188} INFO - [2024-07-20T18:49:09.695+0000] {dagbag.py:355} ERROR - Failed to import: /opt/airflow/dags/pipeline.py
Traceback (most recent call last):
  File "/home/airflow/.local/lib/python3.12/site-packages/airflow/models/dagbag.py", line 351, in parse
    loader.exec_module(new_module)
  File "<frozen importlib._bootstrap_external>", line 995, in exec_module
  File "<frozen importlib._bootstrap>", line 488, in _call_with_frames_removed
  File "/opt/airflow/dags/pipeline.py", line 5, in <module>
    from DAGs.scripts.csv_global_var import _LANDED, _PROCESSED, _CLEANED, _MYSQL_CSVS_DIR, _SQL_TABLES_INIT, _SQL_STAGING, _SQL_TRANSFORM_LOAD, _SQL_UPDATE_VIEW
ModuleNotFoundError: No module named 'DAGs'
[2024-07-20T18:49:09.696+0000] {processor.py:842} WARNING - No viable dags retrieved from /opt/airflow/dags/pipeline.py
[2024-07-20T18:49:09.739+0000] {processor.py:183} INFO - Processing /opt/airflow/dags/pipeline.py took 0.073 seconds
[2024-07-20T18:49:39.937+0000] {processor.py:161} INFO - Started process (PID=360) to work on /opt/airflow/dags/pipeline.py
[2024-07-20T18:49:39.961+0000] {processor.py:830} INFO - Processing file /opt/airflow/dags/pipeline.py for tasks to queue
[2024-07-20T18:49:39.963+0000] {logging_mixin.py:188} INFO - [2024-07-20T18:49:39.962+0000] {dagbag.py:545} INFO - Filling up the DagBag from /opt/airflow/dags/pipeline.py
[2024-07-20T18:49:39.966+0000] {logging_mixin.py:188} INFO - [2024-07-20T18:49:39.965+0000] {dagbag.py:355} ERROR - Failed to import: /opt/airflow/dags/pipeline.py
Traceback (most recent call last):
  File "/home/airflow/.local/lib/python3.12/site-packages/airflow/models/dagbag.py", line 351, in parse
    loader.exec_module(new_module)
  File "<frozen importlib._bootstrap_external>", line 995, in exec_module
  File "<frozen importlib._bootstrap>", line 488, in _call_with_frames_removed
  File "/opt/airflow/dags/pipeline.py", line 5, in <module>
    from DAGs.scripts.csv_global_var import _LANDED, _PROCESSED, _CLEANED, _MYSQL_CSVS_DIR, _SQL_TABLES_INIT, _SQL_STAGING, _SQL_TRANSFORM_LOAD, _SQL_UPDATE_VIEW
ModuleNotFoundError: No module named 'DAGs'
[2024-07-20T18:49:39.967+0000] {processor.py:842} WARNING - No viable dags retrieved from /opt/airflow/dags/pipeline.py
[2024-07-20T18:49:40.009+0000] {processor.py:183} INFO - Processing /opt/airflow/dags/pipeline.py took 0.078 seconds
[2024-07-20T18:50:10.165+0000] {processor.py:161} INFO - Started process (PID=365) to work on /opt/airflow/dags/pipeline.py
[2024-07-20T18:50:10.166+0000] {processor.py:830} INFO - Processing file /opt/airflow/dags/pipeline.py for tasks to queue
[2024-07-20T18:50:10.167+0000] {logging_mixin.py:188} INFO - [2024-07-20T18:50:10.167+0000] {dagbag.py:545} INFO - Filling up the DagBag from /opt/airflow/dags/pipeline.py
[2024-07-20T18:50:10.171+0000] {logging_mixin.py:188} INFO - [2024-07-20T18:50:10.169+0000] {dagbag.py:355} ERROR - Failed to import: /opt/airflow/dags/pipeline.py
Traceback (most recent call last):
  File "/home/airflow/.local/lib/python3.12/site-packages/airflow/models/dagbag.py", line 351, in parse
    loader.exec_module(new_module)
  File "<frozen importlib._bootstrap_external>", line 995, in exec_module
  File "<frozen importlib._bootstrap>", line 488, in _call_with_frames_removed
  File "/opt/airflow/dags/pipeline.py", line 5, in <module>
    from DAGs.scripts.csv_global_var import _LANDED, _PROCESSED, _CLEANED, _MYSQL_CSVS_DIR, _SQL_TABLES_INIT, _SQL_STAGING, _SQL_TRANSFORM_LOAD, _SQL_UPDATE_VIEW
ModuleNotFoundError: No module named 'DAGs'
[2024-07-20T18:50:10.171+0000] {processor.py:842} WARNING - No viable dags retrieved from /opt/airflow/dags/pipeline.py
[2024-07-20T18:50:10.201+0000] {processor.py:183} INFO - Processing /opt/airflow/dags/pipeline.py took 0.041 seconds
[2024-07-20T18:50:40.370+0000] {processor.py:161} INFO - Started process (PID=370) to work on /opt/airflow/dags/pipeline.py
[2024-07-20T18:50:40.371+0000] {processor.py:830} INFO - Processing file /opt/airflow/dags/pipeline.py for tasks to queue
[2024-07-20T18:50:40.372+0000] {logging_mixin.py:188} INFO - [2024-07-20T18:50:40.372+0000] {dagbag.py:545} INFO - Filling up the DagBag from /opt/airflow/dags/pipeline.py
[2024-07-20T18:50:40.375+0000] {logging_mixin.py:188} INFO - [2024-07-20T18:50:40.374+0000] {dagbag.py:355} ERROR - Failed to import: /opt/airflow/dags/pipeline.py
Traceback (most recent call last):
  File "/home/airflow/.local/lib/python3.12/site-packages/airflow/models/dagbag.py", line 351, in parse
    loader.exec_module(new_module)
  File "<frozen importlib._bootstrap_external>", line 995, in exec_module
  File "<frozen importlib._bootstrap>", line 488, in _call_with_frames_removed
  File "/opt/airflow/dags/pipeline.py", line 5, in <module>
    from DAGs.scripts.csv_global_var import _LANDED, _PROCESSED, _CLEANED, _MYSQL_CSVS_DIR, _SQL_TABLES_INIT, _SQL_STAGING, _SQL_TRANSFORM_LOAD, _SQL_UPDATE_VIEW
ModuleNotFoundError: No module named 'DAGs'
[2024-07-20T18:50:40.375+0000] {processor.py:842} WARNING - No viable dags retrieved from /opt/airflow/dags/pipeline.py
[2024-07-20T18:50:40.415+0000] {processor.py:183} INFO - Processing /opt/airflow/dags/pipeline.py took 0.049 seconds
[2024-07-20T18:51:10.572+0000] {processor.py:161} INFO - Started process (PID=375) to work on /opt/airflow/dags/pipeline.py
[2024-07-20T18:51:10.584+0000] {processor.py:830} INFO - Processing file /opt/airflow/dags/pipeline.py for tasks to queue
[2024-07-20T18:51:10.586+0000] {logging_mixin.py:188} INFO - [2024-07-20T18:51:10.585+0000] {dagbag.py:545} INFO - Filling up the DagBag from /opt/airflow/dags/pipeline.py
[2024-07-20T18:51:10.589+0000] {logging_mixin.py:188} INFO - [2024-07-20T18:51:10.588+0000] {dagbag.py:355} ERROR - Failed to import: /opt/airflow/dags/pipeline.py
Traceback (most recent call last):
  File "/home/airflow/.local/lib/python3.12/site-packages/airflow/models/dagbag.py", line 351, in parse
    loader.exec_module(new_module)
  File "<frozen importlib._bootstrap_external>", line 995, in exec_module
  File "<frozen importlib._bootstrap>", line 488, in _call_with_frames_removed
  File "/opt/airflow/dags/pipeline.py", line 5, in <module>
    from DAGs.scripts.csv_global_var import _LANDED, _PROCESSED, _CLEANED, _MYSQL_CSVS_DIR, _SQL_TABLES_INIT, _SQL_STAGING, _SQL_TRANSFORM_LOAD, _SQL_UPDATE_VIEW
ModuleNotFoundError: No module named 'DAGs'
[2024-07-20T18:51:10.589+0000] {processor.py:842} WARNING - No viable dags retrieved from /opt/airflow/dags/pipeline.py
[2024-07-20T18:51:10.661+0000] {processor.py:183} INFO - Processing /opt/airflow/dags/pipeline.py took 0.096 seconds
[2024-07-20T18:51:40.757+0000] {processor.py:161} INFO - Started process (PID=380) to work on /opt/airflow/dags/pipeline.py
[2024-07-20T18:51:40.774+0000] {processor.py:830} INFO - Processing file /opt/airflow/dags/pipeline.py for tasks to queue
[2024-07-20T18:51:40.776+0000] {logging_mixin.py:188} INFO - [2024-07-20T18:51:40.775+0000] {dagbag.py:545} INFO - Filling up the DagBag from /opt/airflow/dags/pipeline.py
[2024-07-20T18:51:40.779+0000] {logging_mixin.py:188} INFO - [2024-07-20T18:51:40.778+0000] {dagbag.py:355} ERROR - Failed to import: /opt/airflow/dags/pipeline.py
Traceback (most recent call last):
  File "/home/airflow/.local/lib/python3.12/site-packages/airflow/models/dagbag.py", line 351, in parse
    loader.exec_module(new_module)
  File "<frozen importlib._bootstrap_external>", line 995, in exec_module
  File "<frozen importlib._bootstrap>", line 488, in _call_with_frames_removed
  File "/opt/airflow/dags/pipeline.py", line 5, in <module>
    from DAGs.scripts.csv_global_var import _LANDED, _PROCESSED, _CLEANED, _MYSQL_CSVS_DIR, _SQL_TABLES_INIT, _SQL_STAGING, _SQL_TRANSFORM_LOAD, _SQL_UPDATE_VIEW
ModuleNotFoundError: No module named 'DAGs'
[2024-07-20T18:51:40.780+0000] {processor.py:842} WARNING - No viable dags retrieved from /opt/airflow/dags/pipeline.py
[2024-07-20T18:51:40.818+0000] {processor.py:183} INFO - Processing /opt/airflow/dags/pipeline.py took 0.068 seconds
[2024-07-20T18:52:11.006+0000] {processor.py:161} INFO - Started process (PID=385) to work on /opt/airflow/dags/pipeline.py
[2024-07-20T18:52:11.007+0000] {processor.py:830} INFO - Processing file /opt/airflow/dags/pipeline.py for tasks to queue
[2024-07-20T18:52:11.010+0000] {logging_mixin.py:188} INFO - [2024-07-20T18:52:11.009+0000] {dagbag.py:545} INFO - Filling up the DagBag from /opt/airflow/dags/pipeline.py
[2024-07-20T18:52:11.014+0000] {logging_mixin.py:188} INFO - [2024-07-20T18:52:11.012+0000] {dagbag.py:355} ERROR - Failed to import: /opt/airflow/dags/pipeline.py
Traceback (most recent call last):
  File "/home/airflow/.local/lib/python3.12/site-packages/airflow/models/dagbag.py", line 351, in parse
    loader.exec_module(new_module)
  File "<frozen importlib._bootstrap_external>", line 995, in exec_module
  File "<frozen importlib._bootstrap>", line 488, in _call_with_frames_removed
  File "/opt/airflow/dags/pipeline.py", line 5, in <module>
    from DAGs.scripts.csv_global_var import _LANDED, _PROCESSED, _CLEANED, _MYSQL_CSVS_DIR, _SQL_TABLES_INIT, _SQL_STAGING, _SQL_TRANSFORM_LOAD, _SQL_UPDATE_VIEW
ModuleNotFoundError: No module named 'DAGs'
[2024-07-20T18:52:11.015+0000] {processor.py:842} WARNING - No viable dags retrieved from /opt/airflow/dags/pipeline.py
[2024-07-20T18:52:11.053+0000] {processor.py:183} INFO - Processing /opt/airflow/dags/pipeline.py took 0.052 seconds
[2024-07-20T18:52:41.169+0000] {processor.py:161} INFO - Started process (PID=390) to work on /opt/airflow/dags/pipeline.py
[2024-07-20T18:52:41.170+0000] {processor.py:830} INFO - Processing file /opt/airflow/dags/pipeline.py for tasks to queue
[2024-07-20T18:52:41.172+0000] {logging_mixin.py:188} INFO - [2024-07-20T18:52:41.171+0000] {dagbag.py:545} INFO - Filling up the DagBag from /opt/airflow/dags/pipeline.py
[2024-07-20T18:52:41.175+0000] {logging_mixin.py:188} INFO - [2024-07-20T18:52:41.174+0000] {dagbag.py:355} ERROR - Failed to import: /opt/airflow/dags/pipeline.py
Traceback (most recent call last):
  File "/home/airflow/.local/lib/python3.12/site-packages/airflow/models/dagbag.py", line 351, in parse
    loader.exec_module(new_module)
  File "<frozen importlib._bootstrap_external>", line 995, in exec_module
  File "<frozen importlib._bootstrap>", line 488, in _call_with_frames_removed
  File "/opt/airflow/dags/pipeline.py", line 5, in <module>
    from DAGs.scripts.csv_global_var import _LANDED, _PROCESSED, _CLEANED, _MYSQL_CSVS_DIR, _SQL_TABLES_INIT, _SQL_STAGING, _SQL_TRANSFORM_LOAD, _SQL_UPDATE_VIEW
ModuleNotFoundError: No module named 'DAGs'
[2024-07-20T18:52:41.176+0000] {processor.py:842} WARNING - No viable dags retrieved from /opt/airflow/dags/pipeline.py
[2024-07-20T18:52:41.221+0000] {processor.py:183} INFO - Processing /opt/airflow/dags/pipeline.py took 0.058 seconds
[2024-07-20T18:53:11.411+0000] {processor.py:161} INFO - Started process (PID=395) to work on /opt/airflow/dags/pipeline.py
[2024-07-20T18:53:11.413+0000] {processor.py:830} INFO - Processing file /opt/airflow/dags/pipeline.py for tasks to queue
[2024-07-20T18:53:11.417+0000] {logging_mixin.py:188} INFO - [2024-07-20T18:53:11.417+0000] {dagbag.py:545} INFO - Filling up the DagBag from /opt/airflow/dags/pipeline.py
[2024-07-20T18:53:11.427+0000] {logging_mixin.py:188} INFO - [2024-07-20T18:53:11.425+0000] {dagbag.py:355} ERROR - Failed to import: /opt/airflow/dags/pipeline.py
Traceback (most recent call last):
  File "/home/airflow/.local/lib/python3.12/site-packages/airflow/models/dagbag.py", line 351, in parse
    loader.exec_module(new_module)
  File "<frozen importlib._bootstrap_external>", line 995, in exec_module
  File "<frozen importlib._bootstrap>", line 488, in _call_with_frames_removed
  File "/opt/airflow/dags/pipeline.py", line 5, in <module>
    from DAGs.scripts.csv_global_var import _LANDED, _PROCESSED, _CLEANED, _MYSQL_CSVS_DIR, _SQL_TABLES_INIT, _SQL_STAGING, _SQL_TRANSFORM_LOAD, _SQL_UPDATE_VIEW
ModuleNotFoundError: No module named 'DAGs'
[2024-07-20T18:53:11.428+0000] {processor.py:842} WARNING - No viable dags retrieved from /opt/airflow/dags/pipeline.py
[2024-07-20T18:53:11.489+0000] {processor.py:183} INFO - Processing /opt/airflow/dags/pipeline.py took 0.092 seconds
[2024-07-20T18:53:41.619+0000] {processor.py:161} INFO - Started process (PID=400) to work on /opt/airflow/dags/pipeline.py
[2024-07-20T18:53:41.634+0000] {processor.py:830} INFO - Processing file /opt/airflow/dags/pipeline.py for tasks to queue
[2024-07-20T18:53:41.636+0000] {logging_mixin.py:188} INFO - [2024-07-20T18:53:41.636+0000] {dagbag.py:545} INFO - Filling up the DagBag from /opt/airflow/dags/pipeline.py
[2024-07-20T18:53:41.640+0000] {logging_mixin.py:188} INFO - [2024-07-20T18:53:41.638+0000] {dagbag.py:355} ERROR - Failed to import: /opt/airflow/dags/pipeline.py
Traceback (most recent call last):
  File "/home/airflow/.local/lib/python3.12/site-packages/airflow/models/dagbag.py", line 351, in parse
    loader.exec_module(new_module)
  File "<frozen importlib._bootstrap_external>", line 995, in exec_module
  File "<frozen importlib._bootstrap>", line 488, in _call_with_frames_removed
  File "/opt/airflow/dags/pipeline.py", line 5, in <module>
    from DAGs.scripts.csv_global_var import _LANDED, _PROCESSED, _CLEANED, _MYSQL_CSVS_DIR, _SQL_TABLES_INIT, _SQL_STAGING, _SQL_TRANSFORM_LOAD, _SQL_UPDATE_VIEW
ModuleNotFoundError: No module named 'DAGs'
[2024-07-20T18:53:41.640+0000] {processor.py:842} WARNING - No viable dags retrieved from /opt/airflow/dags/pipeline.py
[2024-07-20T18:53:41.678+0000] {processor.py:183} INFO - Processing /opt/airflow/dags/pipeline.py took 0.067 seconds
[2024-07-20T18:54:11.884+0000] {processor.py:161} INFO - Started process (PID=405) to work on /opt/airflow/dags/pipeline.py
[2024-07-20T18:54:11.885+0000] {processor.py:830} INFO - Processing file /opt/airflow/dags/pipeline.py for tasks to queue
[2024-07-20T18:54:11.887+0000] {logging_mixin.py:188} INFO - [2024-07-20T18:54:11.887+0000] {dagbag.py:545} INFO - Filling up the DagBag from /opt/airflow/dags/pipeline.py
[2024-07-20T18:54:11.891+0000] {logging_mixin.py:188} INFO - [2024-07-20T18:54:11.889+0000] {dagbag.py:355} ERROR - Failed to import: /opt/airflow/dags/pipeline.py
Traceback (most recent call last):
  File "/home/airflow/.local/lib/python3.12/site-packages/airflow/models/dagbag.py", line 351, in parse
    loader.exec_module(new_module)
  File "<frozen importlib._bootstrap_external>", line 995, in exec_module
  File "<frozen importlib._bootstrap>", line 488, in _call_with_frames_removed
  File "/opt/airflow/dags/pipeline.py", line 5, in <module>
    from DAGs.scripts.csv_global_var import _LANDED, _PROCESSED, _CLEANED, _MYSQL_CSVS_DIR, _SQL_TABLES_INIT, _SQL_STAGING, _SQL_TRANSFORM_LOAD, _SQL_UPDATE_VIEW
ModuleNotFoundError: No module named 'DAGs'
[2024-07-20T18:54:11.891+0000] {processor.py:842} WARNING - No viable dags retrieved from /opt/airflow/dags/pipeline.py
[2024-07-20T18:54:11.935+0000] {processor.py:183} INFO - Processing /opt/airflow/dags/pipeline.py took 0.057 seconds
[2024-07-20T18:54:42.064+0000] {processor.py:161} INFO - Started process (PID=410) to work on /opt/airflow/dags/pipeline.py
[2024-07-20T18:54:42.065+0000] {processor.py:830} INFO - Processing file /opt/airflow/dags/pipeline.py for tasks to queue
[2024-07-20T18:54:42.066+0000] {logging_mixin.py:188} INFO - [2024-07-20T18:54:42.066+0000] {dagbag.py:545} INFO - Filling up the DagBag from /opt/airflow/dags/pipeline.py
[2024-07-20T18:54:42.070+0000] {logging_mixin.py:188} INFO - [2024-07-20T18:54:42.069+0000] {dagbag.py:355} ERROR - Failed to import: /opt/airflow/dags/pipeline.py
Traceback (most recent call last):
  File "/home/airflow/.local/lib/python3.12/site-packages/airflow/models/dagbag.py", line 351, in parse
    loader.exec_module(new_module)
  File "<frozen importlib._bootstrap_external>", line 995, in exec_module
  File "<frozen importlib._bootstrap>", line 488, in _call_with_frames_removed
  File "/opt/airflow/dags/pipeline.py", line 5, in <module>
    from DAGs.scripts.csv_global_var import _LANDED, _PROCESSED, _CLEANED, _MYSQL_CSVS_DIR, _SQL_TABLES_INIT, _SQL_STAGING, _SQL_TRANSFORM_LOAD, _SQL_UPDATE_VIEW
ModuleNotFoundError: No module named 'DAGs'
[2024-07-20T18:54:42.070+0000] {processor.py:842} WARNING - No viable dags retrieved from /opt/airflow/dags/pipeline.py
[2024-07-20T18:54:42.113+0000] {processor.py:183} INFO - Processing /opt/airflow/dags/pipeline.py took 0.055 seconds
[2024-07-20T18:55:12.305+0000] {processor.py:161} INFO - Started process (PID=415) to work on /opt/airflow/dags/pipeline.py
[2024-07-20T18:55:12.306+0000] {processor.py:830} INFO - Processing file /opt/airflow/dags/pipeline.py for tasks to queue
[2024-07-20T18:55:12.308+0000] {logging_mixin.py:188} INFO - [2024-07-20T18:55:12.307+0000] {dagbag.py:545} INFO - Filling up the DagBag from /opt/airflow/dags/pipeline.py
[2024-07-20T18:55:12.312+0000] {logging_mixin.py:188} INFO - [2024-07-20T18:55:12.310+0000] {dagbag.py:355} ERROR - Failed to import: /opt/airflow/dags/pipeline.py
Traceback (most recent call last):
  File "/home/airflow/.local/lib/python3.12/site-packages/airflow/models/dagbag.py", line 351, in parse
    loader.exec_module(new_module)
  File "<frozen importlib._bootstrap_external>", line 995, in exec_module
  File "<frozen importlib._bootstrap>", line 488, in _call_with_frames_removed
  File "/opt/airflow/dags/pipeline.py", line 5, in <module>
    from DAGs.scripts.csv_global_var import _LANDED, _PROCESSED, _CLEANED, _MYSQL_CSVS_DIR, _SQL_TABLES_INIT, _SQL_STAGING, _SQL_TRANSFORM_LOAD, _SQL_UPDATE_VIEW
ModuleNotFoundError: No module named 'DAGs'
[2024-07-20T18:55:12.312+0000] {processor.py:842} WARNING - No viable dags retrieved from /opt/airflow/dags/pipeline.py
[2024-07-20T18:55:12.358+0000] {processor.py:183} INFO - Processing /opt/airflow/dags/pipeline.py took 0.058 seconds
[2024-07-20T18:55:42.537+0000] {processor.py:161} INFO - Started process (PID=420) to work on /opt/airflow/dags/pipeline.py
[2024-07-20T18:55:42.538+0000] {processor.py:830} INFO - Processing file /opt/airflow/dags/pipeline.py for tasks to queue
[2024-07-20T18:55:42.543+0000] {logging_mixin.py:188} INFO - [2024-07-20T18:55:42.542+0000] {dagbag.py:545} INFO - Filling up the DagBag from /opt/airflow/dags/pipeline.py
[2024-07-20T18:55:42.553+0000] {logging_mixin.py:188} INFO - [2024-07-20T18:55:42.551+0000] {dagbag.py:355} ERROR - Failed to import: /opt/airflow/dags/pipeline.py
Traceback (most recent call last):
  File "/home/airflow/.local/lib/python3.12/site-packages/airflow/models/dagbag.py", line 351, in parse
    loader.exec_module(new_module)
  File "<frozen importlib._bootstrap_external>", line 995, in exec_module
  File "<frozen importlib._bootstrap>", line 488, in _call_with_frames_removed
  File "/opt/airflow/dags/pipeline.py", line 5, in <module>
    from DAGs.scripts.csv_global_var import _LANDED, _PROCESSED, _CLEANED, _MYSQL_CSVS_DIR, _SQL_TABLES_INIT, _SQL_STAGING, _SQL_TRANSFORM_LOAD, _SQL_UPDATE_VIEW
ModuleNotFoundError: No module named 'DAGs'
[2024-07-20T18:55:42.554+0000] {processor.py:842} WARNING - No viable dags retrieved from /opt/airflow/dags/pipeline.py
[2024-07-20T18:55:42.605+0000] {processor.py:183} INFO - Processing /opt/airflow/dags/pipeline.py took 0.084 seconds
[2024-07-20T18:56:12.789+0000] {processor.py:161} INFO - Started process (PID=425) to work on /opt/airflow/dags/pipeline.py
[2024-07-20T18:56:12.791+0000] {processor.py:830} INFO - Processing file /opt/airflow/dags/pipeline.py for tasks to queue
[2024-07-20T18:56:12.798+0000] {logging_mixin.py:188} INFO - [2024-07-20T18:56:12.796+0000] {dagbag.py:545} INFO - Filling up the DagBag from /opt/airflow/dags/pipeline.py
[2024-07-20T18:56:12.808+0000] {logging_mixin.py:188} INFO - [2024-07-20T18:56:12.805+0000] {dagbag.py:355} ERROR - Failed to import: /opt/airflow/dags/pipeline.py
Traceback (most recent call last):
  File "/home/airflow/.local/lib/python3.12/site-packages/airflow/models/dagbag.py", line 351, in parse
    loader.exec_module(new_module)
  File "<frozen importlib._bootstrap_external>", line 995, in exec_module
  File "<frozen importlib._bootstrap>", line 488, in _call_with_frames_removed
  File "/opt/airflow/dags/pipeline.py", line 5, in <module>
    from DAGs.scripts.csv_global_var import _LANDED, _PROCESSED, _CLEANED, _MYSQL_CSVS_DIR, _SQL_TABLES_INIT, _SQL_STAGING, _SQL_TRANSFORM_LOAD, _SQL_UPDATE_VIEW
ModuleNotFoundError: No module named 'DAGs'
[2024-07-20T18:56:12.808+0000] {processor.py:842} WARNING - No viable dags retrieved from /opt/airflow/dags/pipeline.py
[2024-07-20T18:56:12.884+0000] {processor.py:183} INFO - Processing /opt/airflow/dags/pipeline.py took 0.112 seconds
[2024-07-20T18:56:43.008+0000] {processor.py:161} INFO - Started process (PID=430) to work on /opt/airflow/dags/pipeline.py
[2024-07-20T18:56:43.009+0000] {processor.py:830} INFO - Processing file /opt/airflow/dags/pipeline.py for tasks to queue
[2024-07-20T18:56:43.010+0000] {logging_mixin.py:188} INFO - [2024-07-20T18:56:43.010+0000] {dagbag.py:545} INFO - Filling up the DagBag from /opt/airflow/dags/pipeline.py
[2024-07-20T18:56:43.013+0000] {logging_mixin.py:188} INFO - [2024-07-20T18:56:43.012+0000] {dagbag.py:355} ERROR - Failed to import: /opt/airflow/dags/pipeline.py
Traceback (most recent call last):
  File "/home/airflow/.local/lib/python3.12/site-packages/airflow/models/dagbag.py", line 351, in parse
    loader.exec_module(new_module)
  File "<frozen importlib._bootstrap_external>", line 995, in exec_module
  File "<frozen importlib._bootstrap>", line 488, in _call_with_frames_removed
  File "/opt/airflow/dags/pipeline.py", line 5, in <module>
    from DAGs.scripts.csv_global_var import _LANDED, _PROCESSED, _CLEANED, _MYSQL_CSVS_DIR, _SQL_TABLES_INIT, _SQL_STAGING, _SQL_TRANSFORM_LOAD, _SQL_UPDATE_VIEW
ModuleNotFoundError: No module named 'DAGs'
[2024-07-20T18:56:43.015+0000] {processor.py:842} WARNING - No viable dags retrieved from /opt/airflow/dags/pipeline.py
[2024-07-20T18:56:43.049+0000] {processor.py:183} INFO - Processing /opt/airflow/dags/pipeline.py took 0.046 seconds
[2024-07-20T18:57:13.212+0000] {processor.py:161} INFO - Started process (PID=435) to work on /opt/airflow/dags/pipeline.py
[2024-07-20T18:57:13.227+0000] {processor.py:830} INFO - Processing file /opt/airflow/dags/pipeline.py for tasks to queue
[2024-07-20T18:57:13.230+0000] {logging_mixin.py:188} INFO - [2024-07-20T18:57:13.229+0000] {dagbag.py:545} INFO - Filling up the DagBag from /opt/airflow/dags/pipeline.py
[2024-07-20T18:57:13.233+0000] {logging_mixin.py:188} INFO - [2024-07-20T18:57:13.232+0000] {dagbag.py:355} ERROR - Failed to import: /opt/airflow/dags/pipeline.py
Traceback (most recent call last):
  File "/home/airflow/.local/lib/python3.12/site-packages/airflow/models/dagbag.py", line 351, in parse
    loader.exec_module(new_module)
  File "<frozen importlib._bootstrap_external>", line 995, in exec_module
  File "<frozen importlib._bootstrap>", line 488, in _call_with_frames_removed
  File "/opt/airflow/dags/pipeline.py", line 5, in <module>
    from DAGs.scripts.csv_global_var import _LANDED, _PROCESSED, _CLEANED, _MYSQL_CSVS_DIR, _SQL_TABLES_INIT, _SQL_STAGING, _SQL_TRANSFORM_LOAD, _SQL_UPDATE_VIEW
ModuleNotFoundError: No module named 'DAGs'
[2024-07-20T18:57:13.234+0000] {processor.py:842} WARNING - No viable dags retrieved from /opt/airflow/dags/pipeline.py
[2024-07-20T18:57:13.260+0000] {processor.py:183} INFO - Processing /opt/airflow/dags/pipeline.py took 0.055 seconds
[2024-07-20T18:57:43.427+0000] {processor.py:161} INFO - Started process (PID=440) to work on /opt/airflow/dags/pipeline.py
[2024-07-20T18:57:43.428+0000] {processor.py:830} INFO - Processing file /opt/airflow/dags/pipeline.py for tasks to queue
[2024-07-20T18:57:43.429+0000] {logging_mixin.py:188} INFO - [2024-07-20T18:57:43.429+0000] {dagbag.py:545} INFO - Filling up the DagBag from /opt/airflow/dags/pipeline.py
[2024-07-20T18:57:43.433+0000] {logging_mixin.py:188} INFO - [2024-07-20T18:57:43.431+0000] {dagbag.py:355} ERROR - Failed to import: /opt/airflow/dags/pipeline.py
Traceback (most recent call last):
  File "/home/airflow/.local/lib/python3.12/site-packages/airflow/models/dagbag.py", line 351, in parse
    loader.exec_module(new_module)
  File "<frozen importlib._bootstrap_external>", line 995, in exec_module
  File "<frozen importlib._bootstrap>", line 488, in _call_with_frames_removed
  File "/opt/airflow/dags/pipeline.py", line 5, in <module>
    from DAGs.scripts.csv_global_var import _LANDED, _PROCESSED, _CLEANED, _MYSQL_CSVS_DIR, _SQL_TABLES_INIT, _SQL_STAGING, _SQL_TRANSFORM_LOAD, _SQL_UPDATE_VIEW
ModuleNotFoundError: No module named 'DAGs'
[2024-07-20T18:57:43.433+0000] {processor.py:842} WARNING - No viable dags retrieved from /opt/airflow/dags/pipeline.py
[2024-07-20T18:57:43.473+0000] {processor.py:183} INFO - Processing /opt/airflow/dags/pipeline.py took 0.051 seconds
[2024-07-20T18:58:13.630+0000] {processor.py:161} INFO - Started process (PID=445) to work on /opt/airflow/dags/pipeline.py
[2024-07-20T18:58:13.644+0000] {processor.py:830} INFO - Processing file /opt/airflow/dags/pipeline.py for tasks to queue
[2024-07-20T18:58:13.645+0000] {logging_mixin.py:188} INFO - [2024-07-20T18:58:13.645+0000] {dagbag.py:545} INFO - Filling up the DagBag from /opt/airflow/dags/pipeline.py
[2024-07-20T18:58:13.649+0000] {logging_mixin.py:188} INFO - [2024-07-20T18:58:13.648+0000] {dagbag.py:355} ERROR - Failed to import: /opt/airflow/dags/pipeline.py
Traceback (most recent call last):
  File "/home/airflow/.local/lib/python3.12/site-packages/airflow/models/dagbag.py", line 351, in parse
    loader.exec_module(new_module)
  File "<frozen importlib._bootstrap_external>", line 995, in exec_module
  File "<frozen importlib._bootstrap>", line 488, in _call_with_frames_removed
  File "/opt/airflow/dags/pipeline.py", line 5, in <module>
    from DAGs.scripts.csv_global_var import _LANDED, _PROCESSED, _CLEANED, _MYSQL_CSVS_DIR, _SQL_TABLES_INIT, _SQL_STAGING, _SQL_TRANSFORM_LOAD, _SQL_UPDATE_VIEW
ModuleNotFoundError: No module named 'DAGs'
[2024-07-20T18:58:13.649+0000] {processor.py:842} WARNING - No viable dags retrieved from /opt/airflow/dags/pipeline.py
[2024-07-20T18:58:13.688+0000] {processor.py:183} INFO - Processing /opt/airflow/dags/pipeline.py took 0.063 seconds
[2024-07-20T18:58:43.912+0000] {processor.py:161} INFO - Started process (PID=450) to work on /opt/airflow/dags/pipeline.py
[2024-07-20T18:58:43.914+0000] {processor.py:830} INFO - Processing file /opt/airflow/dags/pipeline.py for tasks to queue
[2024-07-20T18:58:43.922+0000] {logging_mixin.py:188} INFO - [2024-07-20T18:58:43.920+0000] {dagbag.py:545} INFO - Filling up the DagBag from /opt/airflow/dags/pipeline.py
[2024-07-20T18:58:43.929+0000] {logging_mixin.py:188} INFO - [2024-07-20T18:58:43.928+0000] {dagbag.py:355} ERROR - Failed to import: /opt/airflow/dags/pipeline.py
Traceback (most recent call last):
  File "/home/airflow/.local/lib/python3.12/site-packages/airflow/models/dagbag.py", line 351, in parse
    loader.exec_module(new_module)
  File "<frozen importlib._bootstrap_external>", line 995, in exec_module
  File "<frozen importlib._bootstrap>", line 488, in _call_with_frames_removed
  File "/opt/airflow/dags/pipeline.py", line 5, in <module>
    from DAGs.scripts.csv_global_var import _LANDED, _PROCESSED, _CLEANED, _MYSQL_CSVS_DIR, _SQL_TABLES_INIT, _SQL_STAGING, _SQL_TRANSFORM_LOAD, _SQL_UPDATE_VIEW
ModuleNotFoundError: No module named 'DAGs'
[2024-07-20T18:58:43.930+0000] {processor.py:842} WARNING - No viable dags retrieved from /opt/airflow/dags/pipeline.py
[2024-07-20T18:58:43.990+0000] {processor.py:183} INFO - Processing /opt/airflow/dags/pipeline.py took 0.095 seconds
[2024-07-20T18:59:14.129+0000] {processor.py:161} INFO - Started process (PID=455) to work on /opt/airflow/dags/pipeline.py
[2024-07-20T18:59:14.157+0000] {processor.py:830} INFO - Processing file /opt/airflow/dags/pipeline.py for tasks to queue
[2024-07-20T18:59:14.160+0000] {logging_mixin.py:188} INFO - [2024-07-20T18:59:14.160+0000] {dagbag.py:545} INFO - Filling up the DagBag from /opt/airflow/dags/pipeline.py
[2024-07-20T18:59:14.164+0000] {logging_mixin.py:188} INFO - [2024-07-20T18:59:14.163+0000] {dagbag.py:355} ERROR - Failed to import: /opt/airflow/dags/pipeline.py
Traceback (most recent call last):
  File "/home/airflow/.local/lib/python3.12/site-packages/airflow/models/dagbag.py", line 351, in parse
    loader.exec_module(new_module)
  File "<frozen importlib._bootstrap_external>", line 995, in exec_module
  File "<frozen importlib._bootstrap>", line 488, in _call_with_frames_removed
  File "/opt/airflow/dags/pipeline.py", line 5, in <module>
    from DAGs.scripts.csv_global_var import _LANDED, _PROCESSED, _CLEANED, _MYSQL_CSVS_DIR, _SQL_TABLES_INIT, _SQL_STAGING, _SQL_TRANSFORM_LOAD, _SQL_UPDATE_VIEW
ModuleNotFoundError: No module named 'DAGs'
[2024-07-20T18:59:14.165+0000] {processor.py:842} WARNING - No viable dags retrieved from /opt/airflow/dags/pipeline.py
[2024-07-20T18:59:14.204+0000] {processor.py:183} INFO - Processing /opt/airflow/dags/pipeline.py took 0.084 seconds
[2024-07-20T18:59:44.369+0000] {processor.py:161} INFO - Started process (PID=460) to work on /opt/airflow/dags/pipeline.py
[2024-07-20T18:59:44.371+0000] {processor.py:830} INFO - Processing file /opt/airflow/dags/pipeline.py for tasks to queue
[2024-07-20T18:59:44.372+0000] {logging_mixin.py:188} INFO - [2024-07-20T18:59:44.372+0000] {dagbag.py:545} INFO - Filling up the DagBag from /opt/airflow/dags/pipeline.py
[2024-07-20T18:59:44.375+0000] {logging_mixin.py:188} INFO - [2024-07-20T18:59:44.374+0000] {dagbag.py:355} ERROR - Failed to import: /opt/airflow/dags/pipeline.py
Traceback (most recent call last):
  File "/home/airflow/.local/lib/python3.12/site-packages/airflow/models/dagbag.py", line 351, in parse
    loader.exec_module(new_module)
  File "<frozen importlib._bootstrap_external>", line 995, in exec_module
  File "<frozen importlib._bootstrap>", line 488, in _call_with_frames_removed
  File "/opt/airflow/dags/pipeline.py", line 5, in <module>
    from DAGs.scripts.csv_global_var import _LANDED, _PROCESSED, _CLEANED, _MYSQL_CSVS_DIR, _SQL_TABLES_INIT, _SQL_STAGING, _SQL_TRANSFORM_LOAD, _SQL_UPDATE_VIEW
ModuleNotFoundError: No module named 'DAGs'
[2024-07-20T18:59:44.376+0000] {processor.py:842} WARNING - No viable dags retrieved from /opt/airflow/dags/pipeline.py
[2024-07-20T18:59:44.418+0000] {processor.py:183} INFO - Processing /opt/airflow/dags/pipeline.py took 0.057 seconds
[2024-07-20T19:00:14.559+0000] {processor.py:161} INFO - Started process (PID=465) to work on /opt/airflow/dags/pipeline.py
[2024-07-20T19:00:14.572+0000] {processor.py:830} INFO - Processing file /opt/airflow/dags/pipeline.py for tasks to queue
[2024-07-20T19:00:14.574+0000] {logging_mixin.py:188} INFO - [2024-07-20T19:00:14.574+0000] {dagbag.py:545} INFO - Filling up the DagBag from /opt/airflow/dags/pipeline.py
[2024-07-20T19:00:14.579+0000] {logging_mixin.py:188} INFO - [2024-07-20T19:00:14.576+0000] {dagbag.py:355} ERROR - Failed to import: /opt/airflow/dags/pipeline.py
Traceback (most recent call last):
  File "/home/airflow/.local/lib/python3.12/site-packages/airflow/models/dagbag.py", line 351, in parse
    loader.exec_module(new_module)
  File "<frozen importlib._bootstrap_external>", line 995, in exec_module
  File "<frozen importlib._bootstrap>", line 488, in _call_with_frames_removed
  File "/opt/airflow/dags/pipeline.py", line 5, in <module>
    from DAGs.scripts.csv_global_var import _LANDED, _PROCESSED, _CLEANED, _MYSQL_CSVS_DIR, _SQL_TABLES_INIT, _SQL_STAGING, _SQL_TRANSFORM_LOAD, _SQL_UPDATE_VIEW
ModuleNotFoundError: No module named 'DAGs'
[2024-07-20T19:00:14.580+0000] {processor.py:842} WARNING - No viable dags retrieved from /opt/airflow/dags/pipeline.py
[2024-07-20T19:00:14.642+0000] {processor.py:183} INFO - Processing /opt/airflow/dags/pipeline.py took 0.095 seconds
[2024-07-20T19:00:44.792+0000] {processor.py:161} INFO - Started process (PID=470) to work on /opt/airflow/dags/pipeline.py
[2024-07-20T19:00:44.793+0000] {processor.py:830} INFO - Processing file /opt/airflow/dags/pipeline.py for tasks to queue
[2024-07-20T19:00:44.795+0000] {logging_mixin.py:188} INFO - [2024-07-20T19:00:44.795+0000] {dagbag.py:545} INFO - Filling up the DagBag from /opt/airflow/dags/pipeline.py
[2024-07-20T19:00:44.803+0000] {logging_mixin.py:188} INFO - [2024-07-20T19:00:44.799+0000] {dagbag.py:355} ERROR - Failed to import: /opt/airflow/dags/pipeline.py
Traceback (most recent call last):
  File "/home/airflow/.local/lib/python3.12/site-packages/airflow/models/dagbag.py", line 351, in parse
    loader.exec_module(new_module)
  File "<frozen importlib._bootstrap_external>", line 995, in exec_module
  File "<frozen importlib._bootstrap>", line 488, in _call_with_frames_removed
  File "/opt/airflow/dags/pipeline.py", line 5, in <module>
    from DAGs.scripts.csv_global_var import _LANDED, _PROCESSED, _CLEANED, _MYSQL_CSVS_DIR, _SQL_TABLES_INIT, _SQL_STAGING, _SQL_TRANSFORM_LOAD, _SQL_UPDATE_VIEW
ModuleNotFoundError: No module named 'DAGs'
[2024-07-20T19:00:44.804+0000] {processor.py:842} WARNING - No viable dags retrieved from /opt/airflow/dags/pipeline.py
[2024-07-20T19:00:44.844+0000] {processor.py:183} INFO - Processing /opt/airflow/dags/pipeline.py took 0.063 seconds
[2024-07-20T19:01:15.014+0000] {processor.py:161} INFO - Started process (PID=475) to work on /opt/airflow/dags/pipeline.py
[2024-07-20T19:01:15.032+0000] {processor.py:830} INFO - Processing file /opt/airflow/dags/pipeline.py for tasks to queue
[2024-07-20T19:01:15.034+0000] {logging_mixin.py:188} INFO - [2024-07-20T19:01:15.034+0000] {dagbag.py:545} INFO - Filling up the DagBag from /opt/airflow/dags/pipeline.py
[2024-07-20T19:01:15.037+0000] {logging_mixin.py:188} INFO - [2024-07-20T19:01:15.036+0000] {dagbag.py:355} ERROR - Failed to import: /opt/airflow/dags/pipeline.py
Traceback (most recent call last):
  File "/home/airflow/.local/lib/python3.12/site-packages/airflow/models/dagbag.py", line 351, in parse
    loader.exec_module(new_module)
  File "<frozen importlib._bootstrap_external>", line 995, in exec_module
  File "<frozen importlib._bootstrap>", line 488, in _call_with_frames_removed
  File "/opt/airflow/dags/pipeline.py", line 5, in <module>
    from DAGs.scripts.csv_global_var import _LANDED, _PROCESSED, _CLEANED, _MYSQL_CSVS_DIR, _SQL_TABLES_INIT, _SQL_STAGING, _SQL_TRANSFORM_LOAD, _SQL_UPDATE_VIEW
ModuleNotFoundError: No module named 'DAGs'
[2024-07-20T19:01:15.037+0000] {processor.py:842} WARNING - No viable dags retrieved from /opt/airflow/dags/pipeline.py
[2024-07-20T19:01:15.068+0000] {processor.py:183} INFO - Processing /opt/airflow/dags/pipeline.py took 0.071 seconds
[2024-07-20T19:01:45.241+0000] {processor.py:161} INFO - Started process (PID=480) to work on /opt/airflow/dags/pipeline.py
[2024-07-20T19:01:45.242+0000] {processor.py:830} INFO - Processing file /opt/airflow/dags/pipeline.py for tasks to queue
[2024-07-20T19:01:45.243+0000] {logging_mixin.py:188} INFO - [2024-07-20T19:01:45.243+0000] {dagbag.py:545} INFO - Filling up the DagBag from /opt/airflow/dags/pipeline.py
[2024-07-20T19:01:45.246+0000] {logging_mixin.py:188} INFO - [2024-07-20T19:01:45.245+0000] {dagbag.py:355} ERROR - Failed to import: /opt/airflow/dags/pipeline.py
Traceback (most recent call last):
  File "/home/airflow/.local/lib/python3.12/site-packages/airflow/models/dagbag.py", line 351, in parse
    loader.exec_module(new_module)
  File "<frozen importlib._bootstrap_external>", line 995, in exec_module
  File "<frozen importlib._bootstrap>", line 488, in _call_with_frames_removed
  File "/opt/airflow/dags/pipeline.py", line 5, in <module>
    from DAGs.scripts.csv_global_var import _LANDED, _PROCESSED, _CLEANED, _MYSQL_CSVS_DIR, _SQL_TABLES_INIT, _SQL_STAGING, _SQL_TRANSFORM_LOAD, _SQL_UPDATE_VIEW
ModuleNotFoundError: No module named 'DAGs'
[2024-07-20T19:01:45.246+0000] {processor.py:842} WARNING - No viable dags retrieved from /opt/airflow/dags/pipeline.py
[2024-07-20T19:01:45.281+0000] {processor.py:183} INFO - Processing /opt/airflow/dags/pipeline.py took 0.045 seconds
[2024-07-20T19:02:15.484+0000] {processor.py:161} INFO - Started process (PID=485) to work on /opt/airflow/dags/pipeline.py
[2024-07-20T19:02:15.513+0000] {processor.py:830} INFO - Processing file /opt/airflow/dags/pipeline.py for tasks to queue
[2024-07-20T19:02:15.515+0000] {logging_mixin.py:188} INFO - [2024-07-20T19:02:15.515+0000] {dagbag.py:545} INFO - Filling up the DagBag from /opt/airflow/dags/pipeline.py
[2024-07-20T19:02:15.519+0000] {logging_mixin.py:188} INFO - [2024-07-20T19:02:15.517+0000] {dagbag.py:355} ERROR - Failed to import: /opt/airflow/dags/pipeline.py
Traceback (most recent call last):
  File "/home/airflow/.local/lib/python3.12/site-packages/airflow/models/dagbag.py", line 351, in parse
    loader.exec_module(new_module)
  File "<frozen importlib._bootstrap_external>", line 995, in exec_module
  File "<frozen importlib._bootstrap>", line 488, in _call_with_frames_removed
  File "/opt/airflow/dags/pipeline.py", line 5, in <module>
    from DAGs.scripts.csv_global_var import _LANDED, _PROCESSED, _CLEANED, _MYSQL_CSVS_DIR, _SQL_TABLES_INIT, _SQL_STAGING, _SQL_TRANSFORM_LOAD, _SQL_UPDATE_VIEW
ModuleNotFoundError: No module named 'DAGs'
[2024-07-20T19:02:15.519+0000] {processor.py:842} WARNING - No viable dags retrieved from /opt/airflow/dags/pipeline.py
[2024-07-20T19:02:15.549+0000] {processor.py:183} INFO - Processing /opt/airflow/dags/pipeline.py took 0.072 seconds
[2024-07-20T19:02:45.730+0000] {processor.py:161} INFO - Started process (PID=490) to work on /opt/airflow/dags/pipeline.py
[2024-07-20T19:02:45.731+0000] {processor.py:830} INFO - Processing file /opt/airflow/dags/pipeline.py for tasks to queue
[2024-07-20T19:02:45.733+0000] {logging_mixin.py:188} INFO - [2024-07-20T19:02:45.732+0000] {dagbag.py:545} INFO - Filling up the DagBag from /opt/airflow/dags/pipeline.py
[2024-07-20T19:02:45.736+0000] {logging_mixin.py:188} INFO - [2024-07-20T19:02:45.735+0000] {dagbag.py:355} ERROR - Failed to import: /opt/airflow/dags/pipeline.py
Traceback (most recent call last):
  File "/home/airflow/.local/lib/python3.12/site-packages/airflow/models/dagbag.py", line 351, in parse
    loader.exec_module(new_module)
  File "<frozen importlib._bootstrap_external>", line 995, in exec_module
  File "<frozen importlib._bootstrap>", line 488, in _call_with_frames_removed
  File "/opt/airflow/dags/pipeline.py", line 5, in <module>
    from DAGs.scripts.csv_global_var import _LANDED, _PROCESSED, _CLEANED, _MYSQL_CSVS_DIR, _SQL_TABLES_INIT, _SQL_STAGING, _SQL_TRANSFORM_LOAD, _SQL_UPDATE_VIEW
ModuleNotFoundError: No module named 'DAGs'
[2024-07-20T19:02:45.737+0000] {processor.py:842} WARNING - No viable dags retrieved from /opt/airflow/dags/pipeline.py
[2024-07-20T19:02:45.773+0000] {processor.py:183} INFO - Processing /opt/airflow/dags/pipeline.py took 0.050 seconds
[2024-07-20T19:03:15.943+0000] {processor.py:161} INFO - Started process (PID=495) to work on /opt/airflow/dags/pipeline.py
[2024-07-20T19:03:15.944+0000] {processor.py:830} INFO - Processing file /opt/airflow/dags/pipeline.py for tasks to queue
[2024-07-20T19:03:15.945+0000] {logging_mixin.py:188} INFO - [2024-07-20T19:03:15.945+0000] {dagbag.py:545} INFO - Filling up the DagBag from /opt/airflow/dags/pipeline.py
[2024-07-20T19:03:15.948+0000] {logging_mixin.py:188} INFO - [2024-07-20T19:03:15.947+0000] {dagbag.py:355} ERROR - Failed to import: /opt/airflow/dags/pipeline.py
Traceback (most recent call last):
  File "/home/airflow/.local/lib/python3.12/site-packages/airflow/models/dagbag.py", line 351, in parse
    loader.exec_module(new_module)
  File "<frozen importlib._bootstrap_external>", line 995, in exec_module
  File "<frozen importlib._bootstrap>", line 488, in _call_with_frames_removed
  File "/opt/airflow/dags/pipeline.py", line 5, in <module>
    from DAGs.scripts.csv_global_var import _LANDED, _PROCESSED, _CLEANED, _MYSQL_CSVS_DIR, _SQL_TABLES_INIT, _SQL_STAGING, _SQL_TRANSFORM_LOAD, _SQL_UPDATE_VIEW
ModuleNotFoundError: No module named 'DAGs'
[2024-07-20T19:03:15.949+0000] {processor.py:842} WARNING - No viable dags retrieved from /opt/airflow/dags/pipeline.py
[2024-07-20T19:03:15.986+0000] {processor.py:183} INFO - Processing /opt/airflow/dags/pipeline.py took 0.048 seconds
[2024-07-20T19:03:46.174+0000] {processor.py:161} INFO - Started process (PID=500) to work on /opt/airflow/dags/pipeline.py
[2024-07-20T19:03:46.176+0000] {processor.py:830} INFO - Processing file /opt/airflow/dags/pipeline.py for tasks to queue
[2024-07-20T19:03:46.177+0000] {logging_mixin.py:188} INFO - [2024-07-20T19:03:46.177+0000] {dagbag.py:545} INFO - Filling up the DagBag from /opt/airflow/dags/pipeline.py
[2024-07-20T19:03:46.180+0000] {logging_mixin.py:188} INFO - [2024-07-20T19:03:46.179+0000] {dagbag.py:355} ERROR - Failed to import: /opt/airflow/dags/pipeline.py
Traceback (most recent call last):
  File "/home/airflow/.local/lib/python3.12/site-packages/airflow/models/dagbag.py", line 351, in parse
    loader.exec_module(new_module)
  File "<frozen importlib._bootstrap_external>", line 995, in exec_module
  File "<frozen importlib._bootstrap>", line 488, in _call_with_frames_removed
  File "/opt/airflow/dags/pipeline.py", line 5, in <module>
    from DAGs.scripts.csv_global_var import _LANDED, _PROCESSED, _CLEANED, _MYSQL_CSVS_DIR, _SQL_TABLES_INIT, _SQL_STAGING, _SQL_TRANSFORM_LOAD, _SQL_UPDATE_VIEW
ModuleNotFoundError: No module named 'DAGs'
[2024-07-20T19:03:46.180+0000] {processor.py:842} WARNING - No viable dags retrieved from /opt/airflow/dags/pipeline.py
[2024-07-20T19:03:46.232+0000] {processor.py:183} INFO - Processing /opt/airflow/dags/pipeline.py took 0.062 seconds
[2024-07-20T19:04:16.377+0000] {processor.py:161} INFO - Started process (PID=505) to work on /opt/airflow/dags/pipeline.py
[2024-07-20T19:04:16.378+0000] {processor.py:830} INFO - Processing file /opt/airflow/dags/pipeline.py for tasks to queue
[2024-07-20T19:04:16.379+0000] {logging_mixin.py:188} INFO - [2024-07-20T19:04:16.379+0000] {dagbag.py:545} INFO - Filling up the DagBag from /opt/airflow/dags/pipeline.py
[2024-07-20T19:04:16.382+0000] {logging_mixin.py:188} INFO - [2024-07-20T19:04:16.381+0000] {dagbag.py:355} ERROR - Failed to import: /opt/airflow/dags/pipeline.py
Traceback (most recent call last):
  File "/home/airflow/.local/lib/python3.12/site-packages/airflow/models/dagbag.py", line 351, in parse
    loader.exec_module(new_module)
  File "<frozen importlib._bootstrap_external>", line 995, in exec_module
  File "<frozen importlib._bootstrap>", line 488, in _call_with_frames_removed
  File "/opt/airflow/dags/pipeline.py", line 5, in <module>
    from DAGs.scripts.csv_global_var import _LANDED, _PROCESSED, _CLEANED, _MYSQL_CSVS_DIR, _SQL_TABLES_INIT, _SQL_STAGING, _SQL_TRANSFORM_LOAD, _SQL_UPDATE_VIEW
ModuleNotFoundError: No module named 'DAGs'
[2024-07-20T19:04:16.382+0000] {processor.py:842} WARNING - No viable dags retrieved from /opt/airflow/dags/pipeline.py
[2024-07-20T19:04:16.422+0000] {processor.py:183} INFO - Processing /opt/airflow/dags/pipeline.py took 0.050 seconds
[2024-07-20T19:04:46.570+0000] {processor.py:161} INFO - Started process (PID=510) to work on /opt/airflow/dags/pipeline.py
[2024-07-20T19:04:46.586+0000] {processor.py:830} INFO - Processing file /opt/airflow/dags/pipeline.py for tasks to queue
[2024-07-20T19:04:46.587+0000] {logging_mixin.py:188} INFO - [2024-07-20T19:04:46.587+0000] {dagbag.py:545} INFO - Filling up the DagBag from /opt/airflow/dags/pipeline.py
[2024-07-20T19:04:46.590+0000] {logging_mixin.py:188} INFO - [2024-07-20T19:04:46.589+0000] {dagbag.py:355} ERROR - Failed to import: /opt/airflow/dags/pipeline.py
Traceback (most recent call last):
  File "/home/airflow/.local/lib/python3.12/site-packages/airflow/models/dagbag.py", line 351, in parse
    loader.exec_module(new_module)
  File "<frozen importlib._bootstrap_external>", line 995, in exec_module
  File "<frozen importlib._bootstrap>", line 488, in _call_with_frames_removed
  File "/opt/airflow/dags/pipeline.py", line 5, in <module>
    from DAGs.scripts.csv_global_var import _LANDED, _PROCESSED, _CLEANED, _MYSQL_CSVS_DIR, _SQL_TABLES_INIT, _SQL_STAGING, _SQL_TRANSFORM_LOAD, _SQL_UPDATE_VIEW
ModuleNotFoundError: No module named 'DAGs'
[2024-07-20T19:04:46.590+0000] {processor.py:842} WARNING - No viable dags retrieved from /opt/airflow/dags/pipeline.py
[2024-07-20T19:04:46.623+0000] {processor.py:183} INFO - Processing /opt/airflow/dags/pipeline.py took 0.058 seconds
[2024-07-20T19:05:16.768+0000] {processor.py:161} INFO - Started process (PID=515) to work on /opt/airflow/dags/pipeline.py
[2024-07-20T19:05:16.769+0000] {processor.py:830} INFO - Processing file /opt/airflow/dags/pipeline.py for tasks to queue
[2024-07-20T19:05:16.771+0000] {logging_mixin.py:188} INFO - [2024-07-20T19:05:16.771+0000] {dagbag.py:545} INFO - Filling up the DagBag from /opt/airflow/dags/pipeline.py
[2024-07-20T19:05:16.775+0000] {logging_mixin.py:188} INFO - [2024-07-20T19:05:16.774+0000] {dagbag.py:355} ERROR - Failed to import: /opt/airflow/dags/pipeline.py
Traceback (most recent call last):
  File "/home/airflow/.local/lib/python3.12/site-packages/airflow/models/dagbag.py", line 351, in parse
    loader.exec_module(new_module)
  File "<frozen importlib._bootstrap_external>", line 995, in exec_module
  File "<frozen importlib._bootstrap>", line 488, in _call_with_frames_removed
  File "/opt/airflow/dags/pipeline.py", line 5, in <module>
    from DAGs.scripts.csv_global_var import _LANDED, _PROCESSED, _CLEANED, _MYSQL_CSVS_DIR, _SQL_TABLES_INIT, _SQL_STAGING, _SQL_TRANSFORM_LOAD, _SQL_UPDATE_VIEW
ModuleNotFoundError: No module named 'DAGs'
[2024-07-20T19:05:16.775+0000] {processor.py:842} WARNING - No viable dags retrieved from /opt/airflow/dags/pipeline.py
[2024-07-20T19:05:16.824+0000] {processor.py:183} INFO - Processing /opt/airflow/dags/pipeline.py took 0.064 seconds
[2024-07-20T19:05:46.992+0000] {processor.py:161} INFO - Started process (PID=520) to work on /opt/airflow/dags/pipeline.py
[2024-07-20T19:05:47.010+0000] {processor.py:830} INFO - Processing file /opt/airflow/dags/pipeline.py for tasks to queue
[2024-07-20T19:05:47.012+0000] {logging_mixin.py:188} INFO - [2024-07-20T19:05:47.011+0000] {dagbag.py:545} INFO - Filling up the DagBag from /opt/airflow/dags/pipeline.py
[2024-07-20T19:05:47.017+0000] {logging_mixin.py:188} INFO - [2024-07-20T19:05:47.015+0000] {dagbag.py:355} ERROR - Failed to import: /opt/airflow/dags/pipeline.py
Traceback (most recent call last):
  File "/home/airflow/.local/lib/python3.12/site-packages/airflow/models/dagbag.py", line 351, in parse
    loader.exec_module(new_module)
  File "<frozen importlib._bootstrap_external>", line 995, in exec_module
  File "<frozen importlib._bootstrap>", line 488, in _call_with_frames_removed
  File "/opt/airflow/dags/pipeline.py", line 5, in <module>
    from DAGs.scripts.csv_global_var import _LANDED, _PROCESSED, _CLEANED, _MYSQL_CSVS_DIR, _SQL_TABLES_INIT, _SQL_STAGING, _SQL_TRANSFORM_LOAD, _SQL_UPDATE_VIEW
ModuleNotFoundError: No module named 'DAGs'
[2024-07-20T19:05:47.017+0000] {processor.py:842} WARNING - No viable dags retrieved from /opt/airflow/dags/pipeline.py
[2024-07-20T19:05:47.059+0000] {processor.py:183} INFO - Processing /opt/airflow/dags/pipeline.py took 0.079 seconds
[2024-07-20T19:06:17.203+0000] {processor.py:161} INFO - Started process (PID=525) to work on /opt/airflow/dags/pipeline.py
[2024-07-20T19:06:17.205+0000] {processor.py:830} INFO - Processing file /opt/airflow/dags/pipeline.py for tasks to queue
[2024-07-20T19:06:17.206+0000] {logging_mixin.py:188} INFO - [2024-07-20T19:06:17.206+0000] {dagbag.py:545} INFO - Filling up the DagBag from /opt/airflow/dags/pipeline.py
[2024-07-20T19:06:17.209+0000] {logging_mixin.py:188} INFO - [2024-07-20T19:06:17.208+0000] {dagbag.py:355} ERROR - Failed to import: /opt/airflow/dags/pipeline.py
Traceback (most recent call last):
  File "/home/airflow/.local/lib/python3.12/site-packages/airflow/models/dagbag.py", line 351, in parse
    loader.exec_module(new_module)
  File "<frozen importlib._bootstrap_external>", line 995, in exec_module
  File "<frozen importlib._bootstrap>", line 488, in _call_with_frames_removed
  File "/opt/airflow/dags/pipeline.py", line 5, in <module>
    from DAGs.scripts.csv_global_var import _LANDED, _PROCESSED, _CLEANED, _MYSQL_CSVS_DIR, _SQL_TABLES_INIT, _SQL_STAGING, _SQL_TRANSFORM_LOAD, _SQL_UPDATE_VIEW
ModuleNotFoundError: No module named 'DAGs'
[2024-07-20T19:06:17.210+0000] {processor.py:842} WARNING - No viable dags retrieved from /opt/airflow/dags/pipeline.py
[2024-07-20T19:06:17.249+0000] {processor.py:183} INFO - Processing /opt/airflow/dags/pipeline.py took 0.054 seconds
[2024-07-20T19:06:47.389+0000] {processor.py:161} INFO - Started process (PID=530) to work on /opt/airflow/dags/pipeline.py
[2024-07-20T19:06:47.390+0000] {processor.py:830} INFO - Processing file /opt/airflow/dags/pipeline.py for tasks to queue
[2024-07-20T19:06:47.391+0000] {logging_mixin.py:188} INFO - [2024-07-20T19:06:47.391+0000] {dagbag.py:545} INFO - Filling up the DagBag from /opt/airflow/dags/pipeline.py
[2024-07-20T19:06:47.394+0000] {logging_mixin.py:188} INFO - [2024-07-20T19:06:47.393+0000] {dagbag.py:355} ERROR - Failed to import: /opt/airflow/dags/pipeline.py
Traceback (most recent call last):
  File "/home/airflow/.local/lib/python3.12/site-packages/airflow/models/dagbag.py", line 351, in parse
    loader.exec_module(new_module)
  File "<frozen importlib._bootstrap_external>", line 995, in exec_module
  File "<frozen importlib._bootstrap>", line 488, in _call_with_frames_removed
  File "/opt/airflow/dags/pipeline.py", line 5, in <module>
    from DAGs.scripts.csv_global_var import _LANDED, _PROCESSED, _CLEANED, _MYSQL_CSVS_DIR, _SQL_TABLES_INIT, _SQL_STAGING, _SQL_TRANSFORM_LOAD, _SQL_UPDATE_VIEW
ModuleNotFoundError: No module named 'DAGs'
[2024-07-20T19:06:47.395+0000] {processor.py:842} WARNING - No viable dags retrieved from /opt/airflow/dags/pipeline.py
[2024-07-20T19:06:47.428+0000] {processor.py:183} INFO - Processing /opt/airflow/dags/pipeline.py took 0.046 seconds
[2024-07-20T19:07:17.563+0000] {processor.py:161} INFO - Started process (PID=535) to work on /opt/airflow/dags/pipeline.py
[2024-07-20T19:07:17.588+0000] {processor.py:830} INFO - Processing file /opt/airflow/dags/pipeline.py for tasks to queue
[2024-07-20T19:07:17.590+0000] {logging_mixin.py:188} INFO - [2024-07-20T19:07:17.589+0000] {dagbag.py:545} INFO - Filling up the DagBag from /opt/airflow/dags/pipeline.py
[2024-07-20T19:07:17.592+0000] {logging_mixin.py:188} INFO - [2024-07-20T19:07:17.591+0000] {dagbag.py:355} ERROR - Failed to import: /opt/airflow/dags/pipeline.py
Traceback (most recent call last):
  File "/home/airflow/.local/lib/python3.12/site-packages/airflow/models/dagbag.py", line 351, in parse
    loader.exec_module(new_module)
  File "<frozen importlib._bootstrap_external>", line 995, in exec_module
  File "<frozen importlib._bootstrap>", line 488, in _call_with_frames_removed
  File "/opt/airflow/dags/pipeline.py", line 5, in <module>
    from DAGs.scripts.csv_global_var import _LANDED, _PROCESSED, _CLEANED, _MYSQL_CSVS_DIR, _SQL_TABLES_INIT, _SQL_STAGING, _SQL_TRANSFORM_LOAD, _SQL_UPDATE_VIEW
ModuleNotFoundError: No module named 'DAGs'
[2024-07-20T19:07:17.593+0000] {processor.py:842} WARNING - No viable dags retrieved from /opt/airflow/dags/pipeline.py
[2024-07-20T19:07:17.629+0000] {processor.py:183} INFO - Processing /opt/airflow/dags/pipeline.py took 0.071 seconds
[2024-07-20T19:07:47.758+0000] {processor.py:161} INFO - Started process (PID=540) to work on /opt/airflow/dags/pipeline.py
[2024-07-20T19:07:47.759+0000] {processor.py:830} INFO - Processing file /opt/airflow/dags/pipeline.py for tasks to queue
[2024-07-20T19:07:47.760+0000] {logging_mixin.py:188} INFO - [2024-07-20T19:07:47.760+0000] {dagbag.py:545} INFO - Filling up the DagBag from /opt/airflow/dags/pipeline.py
[2024-07-20T19:07:47.763+0000] {logging_mixin.py:188} INFO - [2024-07-20T19:07:47.762+0000] {dagbag.py:355} ERROR - Failed to import: /opt/airflow/dags/pipeline.py
Traceback (most recent call last):
  File "/home/airflow/.local/lib/python3.12/site-packages/airflow/models/dagbag.py", line 351, in parse
    loader.exec_module(new_module)
  File "<frozen importlib._bootstrap_external>", line 995, in exec_module
  File "<frozen importlib._bootstrap>", line 488, in _call_with_frames_removed
  File "/opt/airflow/dags/pipeline.py", line 5, in <module>
    from DAGs.scripts.csv_global_var import _LANDED, _PROCESSED, _CLEANED, _MYSQL_CSVS_DIR, _SQL_TABLES_INIT, _SQL_STAGING, _SQL_TRANSFORM_LOAD, _SQL_UPDATE_VIEW
ModuleNotFoundError: No module named 'DAGs'
[2024-07-20T19:07:47.763+0000] {processor.py:842} WARNING - No viable dags retrieved from /opt/airflow/dags/pipeline.py
[2024-07-20T19:07:47.808+0000] {processor.py:183} INFO - Processing /opt/airflow/dags/pipeline.py took 0.055 seconds
[2024-07-20T19:08:17.989+0000] {processor.py:161} INFO - Started process (PID=545) to work on /opt/airflow/dags/pipeline.py
[2024-07-20T19:08:18.012+0000] {processor.py:830} INFO - Processing file /opt/airflow/dags/pipeline.py for tasks to queue
[2024-07-20T19:08:18.014+0000] {logging_mixin.py:188} INFO - [2024-07-20T19:08:18.014+0000] {dagbag.py:545} INFO - Filling up the DagBag from /opt/airflow/dags/pipeline.py
[2024-07-20T19:08:18.018+0000] {logging_mixin.py:188} INFO - [2024-07-20T19:08:18.016+0000] {dagbag.py:355} ERROR - Failed to import: /opt/airflow/dags/pipeline.py
Traceback (most recent call last):
  File "/home/airflow/.local/lib/python3.12/site-packages/airflow/models/dagbag.py", line 351, in parse
    loader.exec_module(new_module)
  File "<frozen importlib._bootstrap_external>", line 995, in exec_module
  File "<frozen importlib._bootstrap>", line 488, in _call_with_frames_removed
  File "/opt/airflow/dags/pipeline.py", line 5, in <module>
    from DAGs.scripts.csv_global_var import _LANDED, _PROCESSED, _CLEANED, _MYSQL_CSVS_DIR, _SQL_TABLES_INIT, _SQL_STAGING, _SQL_TRANSFORM_LOAD, _SQL_UPDATE_VIEW
ModuleNotFoundError: No module named 'DAGs'
[2024-07-20T19:08:18.018+0000] {processor.py:842} WARNING - No viable dags retrieved from /opt/airflow/dags/pipeline.py
[2024-07-20T19:08:18.053+0000] {processor.py:183} INFO - Processing /opt/airflow/dags/pipeline.py took 0.070 seconds
[2024-07-20T19:08:48.188+0000] {processor.py:161} INFO - Started process (PID=550) to work on /opt/airflow/dags/pipeline.py
[2024-07-20T19:08:48.189+0000] {processor.py:830} INFO - Processing file /opt/airflow/dags/pipeline.py for tasks to queue
[2024-07-20T19:08:48.191+0000] {logging_mixin.py:188} INFO - [2024-07-20T19:08:48.191+0000] {dagbag.py:545} INFO - Filling up the DagBag from /opt/airflow/dags/pipeline.py
[2024-07-20T19:08:48.196+0000] {logging_mixin.py:188} INFO - [2024-07-20T19:08:48.194+0000] {dagbag.py:355} ERROR - Failed to import: /opt/airflow/dags/pipeline.py
Traceback (most recent call last):
  File "/home/airflow/.local/lib/python3.12/site-packages/airflow/models/dagbag.py", line 351, in parse
    loader.exec_module(new_module)
  File "<frozen importlib._bootstrap_external>", line 995, in exec_module
  File "<frozen importlib._bootstrap>", line 488, in _call_with_frames_removed
  File "/opt/airflow/dags/pipeline.py", line 5, in <module>
    from DAGs.scripts.csv_global_var import _LANDED, _PROCESSED, _CLEANED, _MYSQL_CSVS_DIR, _SQL_TABLES_INIT, _SQL_STAGING, _SQL_TRANSFORM_LOAD, _SQL_UPDATE_VIEW
ModuleNotFoundError: No module named 'DAGs'
[2024-07-20T19:08:48.197+0000] {processor.py:842} WARNING - No viable dags retrieved from /opt/airflow/dags/pipeline.py
[2024-07-20T19:08:48.263+0000] {processor.py:183} INFO - Processing /opt/airflow/dags/pipeline.py took 0.086 seconds
[2024-07-20T19:09:18.439+0000] {processor.py:161} INFO - Started process (PID=555) to work on /opt/airflow/dags/pipeline.py
[2024-07-20T19:09:18.602+0000] {processor.py:830} INFO - Processing file /opt/airflow/dags/pipeline.py for tasks to queue
[2024-07-20T19:09:18.604+0000] {logging_mixin.py:188} INFO - [2024-07-20T19:09:18.603+0000] {dagbag.py:545} INFO - Filling up the DagBag from /opt/airflow/dags/pipeline.py
[2024-07-20T19:09:18.607+0000] {logging_mixin.py:188} INFO - [2024-07-20T19:09:18.606+0000] {dagbag.py:355} ERROR - Failed to import: /opt/airflow/dags/pipeline.py
Traceback (most recent call last):
  File "/home/airflow/.local/lib/python3.12/site-packages/airflow/models/dagbag.py", line 351, in parse
    loader.exec_module(new_module)
  File "<frozen importlib._bootstrap_external>", line 995, in exec_module
  File "<frozen importlib._bootstrap>", line 488, in _call_with_frames_removed
  File "/opt/airflow/dags/pipeline.py", line 5, in <module>
    from DAGs.scripts.csv_global_var import _LANDED, _PROCESSED, _CLEANED, _MYSQL_CSVS_DIR, _SQL_TABLES_INIT, _SQL_STAGING, _SQL_TRANSFORM_LOAD, _SQL_UPDATE_VIEW
ModuleNotFoundError: No module named 'DAGs'
[2024-07-20T19:09:18.607+0000] {processor.py:842} WARNING - No viable dags retrieved from /opt/airflow/dags/pipeline.py
[2024-07-20T19:09:18.756+0000] {processor.py:183} INFO - Processing /opt/airflow/dags/pipeline.py took 0.322 seconds
[2024-07-20T19:09:48.971+0000] {processor.py:161} INFO - Started process (PID=560) to work on /opt/airflow/dags/pipeline.py
[2024-07-20T19:09:48.972+0000] {processor.py:830} INFO - Processing file /opt/airflow/dags/pipeline.py for tasks to queue
[2024-07-20T19:09:48.973+0000] {logging_mixin.py:188} INFO - [2024-07-20T19:09:48.973+0000] {dagbag.py:545} INFO - Filling up the DagBag from /opt/airflow/dags/pipeline.py
[2024-07-20T19:09:48.976+0000] {logging_mixin.py:188} INFO - [2024-07-20T19:09:48.975+0000] {dagbag.py:355} ERROR - Failed to import: /opt/airflow/dags/pipeline.py
Traceback (most recent call last):
  File "/home/airflow/.local/lib/python3.12/site-packages/airflow/models/dagbag.py", line 351, in parse
    loader.exec_module(new_module)
  File "<frozen importlib._bootstrap_external>", line 995, in exec_module
  File "<frozen importlib._bootstrap>", line 488, in _call_with_frames_removed
  File "/opt/airflow/dags/pipeline.py", line 5, in <module>
    from DAGs.scripts.csv_global_var import _LANDED, _PROCESSED, _CLEANED, _MYSQL_CSVS_DIR, _SQL_TABLES_INIT, _SQL_STAGING, _SQL_TRANSFORM_LOAD, _SQL_UPDATE_VIEW
ModuleNotFoundError: No module named 'DAGs'
[2024-07-20T19:09:48.977+0000] {processor.py:842} WARNING - No viable dags retrieved from /opt/airflow/dags/pipeline.py
[2024-07-20T19:09:49.011+0000] {processor.py:183} INFO - Processing /opt/airflow/dags/pipeline.py took 0.045 seconds
[2024-07-20T19:10:19.172+0000] {processor.py:161} INFO - Started process (PID=565) to work on /opt/airflow/dags/pipeline.py
[2024-07-20T19:10:19.196+0000] {processor.py:830} INFO - Processing file /opt/airflow/dags/pipeline.py for tasks to queue
[2024-07-20T19:10:19.201+0000] {logging_mixin.py:188} INFO - [2024-07-20T19:10:19.201+0000] {dagbag.py:545} INFO - Filling up the DagBag from /opt/airflow/dags/pipeline.py
[2024-07-20T19:10:19.206+0000] {logging_mixin.py:188} INFO - [2024-07-20T19:10:19.205+0000] {dagbag.py:355} ERROR - Failed to import: /opt/airflow/dags/pipeline.py
Traceback (most recent call last):
  File "/home/airflow/.local/lib/python3.12/site-packages/airflow/models/dagbag.py", line 351, in parse
    loader.exec_module(new_module)
  File "<frozen importlib._bootstrap_external>", line 995, in exec_module
  File "<frozen importlib._bootstrap>", line 488, in _call_with_frames_removed
  File "/opt/airflow/dags/pipeline.py", line 5, in <module>
    from DAGs.scripts.csv_global_var import _LANDED, _PROCESSED, _CLEANED, _MYSQL_CSVS_DIR, _SQL_TABLES_INIT, _SQL_STAGING, _SQL_TRANSFORM_LOAD, _SQL_UPDATE_VIEW
ModuleNotFoundError: No module named 'DAGs'
[2024-07-20T19:10:19.207+0000] {processor.py:842} WARNING - No viable dags retrieved from /opt/airflow/dags/pipeline.py
[2024-07-20T19:10:19.256+0000] {processor.py:183} INFO - Processing /opt/airflow/dags/pipeline.py took 0.092 seconds
[2024-07-20T19:10:49.393+0000] {processor.py:161} INFO - Started process (PID=570) to work on /opt/airflow/dags/pipeline.py
[2024-07-20T19:10:49.394+0000] {processor.py:830} INFO - Processing file /opt/airflow/dags/pipeline.py for tasks to queue
[2024-07-20T19:10:49.395+0000] {logging_mixin.py:188} INFO - [2024-07-20T19:10:49.395+0000] {dagbag.py:545} INFO - Filling up the DagBag from /opt/airflow/dags/pipeline.py
[2024-07-20T19:10:49.398+0000] {logging_mixin.py:188} INFO - [2024-07-20T19:10:49.397+0000] {dagbag.py:355} ERROR - Failed to import: /opt/airflow/dags/pipeline.py
Traceback (most recent call last):
  File "/home/airflow/.local/lib/python3.12/site-packages/airflow/models/dagbag.py", line 351, in parse
    loader.exec_module(new_module)
  File "<frozen importlib._bootstrap_external>", line 995, in exec_module
  File "<frozen importlib._bootstrap>", line 488, in _call_with_frames_removed
  File "/opt/airflow/dags/pipeline.py", line 5, in <module>
    from DAGs.scripts.csv_global_var import _LANDED, _PROCESSED, _CLEANED, _MYSQL_CSVS_DIR, _SQL_TABLES_INIT, _SQL_STAGING, _SQL_TRANSFORM_LOAD, _SQL_UPDATE_VIEW
ModuleNotFoundError: No module named 'DAGs'
[2024-07-20T19:10:49.399+0000] {processor.py:842} WARNING - No viable dags retrieved from /opt/airflow/dags/pipeline.py
[2024-07-20T19:10:49.435+0000] {processor.py:183} INFO - Processing /opt/airflow/dags/pipeline.py took 0.047 seconds
[2024-07-20T19:11:19.596+0000] {processor.py:161} INFO - Started process (PID=575) to work on /opt/airflow/dags/pipeline.py
[2024-07-20T19:11:19.617+0000] {processor.py:830} INFO - Processing file /opt/airflow/dags/pipeline.py for tasks to queue
[2024-07-20T19:11:19.620+0000] {logging_mixin.py:188} INFO - [2024-07-20T19:11:19.619+0000] {dagbag.py:545} INFO - Filling up the DagBag from /opt/airflow/dags/pipeline.py
[2024-07-20T19:11:19.623+0000] {logging_mixin.py:188} INFO - [2024-07-20T19:11:19.622+0000] {dagbag.py:355} ERROR - Failed to import: /opt/airflow/dags/pipeline.py
Traceback (most recent call last):
  File "/home/airflow/.local/lib/python3.12/site-packages/airflow/models/dagbag.py", line 351, in parse
    loader.exec_module(new_module)
  File "<frozen importlib._bootstrap_external>", line 995, in exec_module
  File "<frozen importlib._bootstrap>", line 488, in _call_with_frames_removed
  File "/opt/airflow/dags/pipeline.py", line 5, in <module>
    from DAGs.scripts.csv_global_var import _LANDED, _PROCESSED, _CLEANED, _MYSQL_CSVS_DIR, _SQL_TABLES_INIT, _SQL_STAGING, _SQL_TRANSFORM_LOAD, _SQL_UPDATE_VIEW
ModuleNotFoundError: No module named 'DAGs'
[2024-07-20T19:11:19.623+0000] {processor.py:842} WARNING - No viable dags retrieved from /opt/airflow/dags/pipeline.py
[2024-07-20T19:11:19.658+0000] {processor.py:183} INFO - Processing /opt/airflow/dags/pipeline.py took 0.070 seconds
[2024-07-20T19:11:49.790+0000] {processor.py:161} INFO - Started process (PID=580) to work on /opt/airflow/dags/pipeline.py
[2024-07-20T19:11:49.791+0000] {processor.py:830} INFO - Processing file /opt/airflow/dags/pipeline.py for tasks to queue
[2024-07-20T19:11:49.792+0000] {logging_mixin.py:188} INFO - [2024-07-20T19:11:49.792+0000] {dagbag.py:545} INFO - Filling up the DagBag from /opt/airflow/dags/pipeline.py
[2024-07-20T19:11:49.796+0000] {logging_mixin.py:188} INFO - [2024-07-20T19:11:49.795+0000] {dagbag.py:355} ERROR - Failed to import: /opt/airflow/dags/pipeline.py
Traceback (most recent call last):
  File "/home/airflow/.local/lib/python3.12/site-packages/airflow/models/dagbag.py", line 351, in parse
    loader.exec_module(new_module)
  File "<frozen importlib._bootstrap_external>", line 995, in exec_module
  File "<frozen importlib._bootstrap>", line 488, in _call_with_frames_removed
  File "/opt/airflow/dags/pipeline.py", line 5, in <module>
    from DAGs.scripts.csv_global_var import _LANDED, _PROCESSED, _CLEANED, _MYSQL_CSVS_DIR, _SQL_TABLES_INIT, _SQL_STAGING, _SQL_TRANSFORM_LOAD, _SQL_UPDATE_VIEW
ModuleNotFoundError: No module named 'DAGs'
[2024-07-20T19:11:49.796+0000] {processor.py:842} WARNING - No viable dags retrieved from /opt/airflow/dags/pipeline.py
[2024-07-20T19:11:49.837+0000] {processor.py:183} INFO - Processing /opt/airflow/dags/pipeline.py took 0.054 seconds
[2024-07-20T19:12:20.007+0000] {processor.py:161} INFO - Started process (PID=585) to work on /opt/airflow/dags/pipeline.py
[2024-07-20T19:12:20.008+0000] {processor.py:830} INFO - Processing file /opt/airflow/dags/pipeline.py for tasks to queue
[2024-07-20T19:12:20.009+0000] {logging_mixin.py:188} INFO - [2024-07-20T19:12:20.009+0000] {dagbag.py:545} INFO - Filling up the DagBag from /opt/airflow/dags/pipeline.py
[2024-07-20T19:12:20.012+0000] {logging_mixin.py:188} INFO - [2024-07-20T19:12:20.011+0000] {dagbag.py:355} ERROR - Failed to import: /opt/airflow/dags/pipeline.py
Traceback (most recent call last):
  File "/home/airflow/.local/lib/python3.12/site-packages/airflow/models/dagbag.py", line 351, in parse
    loader.exec_module(new_module)
  File "<frozen importlib._bootstrap_external>", line 995, in exec_module
  File "<frozen importlib._bootstrap>", line 488, in _call_with_frames_removed
  File "/opt/airflow/dags/pipeline.py", line 5, in <module>
    from DAGs.scripts.csv_global_var import _LANDED, _PROCESSED, _CLEANED, _MYSQL_CSVS_DIR, _SQL_TABLES_INIT, _SQL_STAGING, _SQL_TRANSFORM_LOAD, _SQL_UPDATE_VIEW
ModuleNotFoundError: No module named 'DAGs'
[2024-07-20T19:12:20.012+0000] {processor.py:842} WARNING - No viable dags retrieved from /opt/airflow/dags/pipeline.py
[2024-07-20T19:12:20.060+0000] {processor.py:183} INFO - Processing /opt/airflow/dags/pipeline.py took 0.059 seconds
[2024-07-20T19:12:50.201+0000] {processor.py:161} INFO - Started process (PID=590) to work on /opt/airflow/dags/pipeline.py
[2024-07-20T19:12:50.201+0000] {processor.py:830} INFO - Processing file /opt/airflow/dags/pipeline.py for tasks to queue
[2024-07-20T19:12:50.203+0000] {logging_mixin.py:188} INFO - [2024-07-20T19:12:50.202+0000] {dagbag.py:545} INFO - Filling up the DagBag from /opt/airflow/dags/pipeline.py
[2024-07-20T19:12:50.205+0000] {logging_mixin.py:188} INFO - [2024-07-20T19:12:50.204+0000] {dagbag.py:355} ERROR - Failed to import: /opt/airflow/dags/pipeline.py
Traceback (most recent call last):
  File "/home/airflow/.local/lib/python3.12/site-packages/airflow/models/dagbag.py", line 351, in parse
    loader.exec_module(new_module)
  File "<frozen importlib._bootstrap_external>", line 995, in exec_module
  File "<frozen importlib._bootstrap>", line 488, in _call_with_frames_removed
  File "/opt/airflow/dags/pipeline.py", line 5, in <module>
    from DAGs.scripts.csv_global_var import _LANDED, _PROCESSED, _CLEANED, _MYSQL_CSVS_DIR, _SQL_TABLES_INIT, _SQL_STAGING, _SQL_TRANSFORM_LOAD, _SQL_UPDATE_VIEW
ModuleNotFoundError: No module named 'DAGs'
[2024-07-20T19:12:50.206+0000] {processor.py:842} WARNING - No viable dags retrieved from /opt/airflow/dags/pipeline.py
[2024-07-20T19:12:50.272+0000] {processor.py:183} INFO - Processing /opt/airflow/dags/pipeline.py took 0.076 seconds
[2024-07-20T19:13:20.413+0000] {processor.py:161} INFO - Started process (PID=595) to work on /opt/airflow/dags/pipeline.py
[2024-07-20T19:13:20.431+0000] {processor.py:830} INFO - Processing file /opt/airflow/dags/pipeline.py for tasks to queue
[2024-07-20T19:13:20.433+0000] {logging_mixin.py:188} INFO - [2024-07-20T19:13:20.432+0000] {dagbag.py:545} INFO - Filling up the DagBag from /opt/airflow/dags/pipeline.py
[2024-07-20T19:13:20.436+0000] {logging_mixin.py:188} INFO - [2024-07-20T19:13:20.435+0000] {dagbag.py:355} ERROR - Failed to import: /opt/airflow/dags/pipeline.py
Traceback (most recent call last):
  File "/home/airflow/.local/lib/python3.12/site-packages/airflow/models/dagbag.py", line 351, in parse
    loader.exec_module(new_module)
  File "<frozen importlib._bootstrap_external>", line 995, in exec_module
  File "<frozen importlib._bootstrap>", line 488, in _call_with_frames_removed
  File "/opt/airflow/dags/pipeline.py", line 5, in <module>
    from DAGs.scripts.csv_global_var import _LANDED, _PROCESSED, _CLEANED, _MYSQL_CSVS_DIR, _SQL_TABLES_INIT, _SQL_STAGING, _SQL_TRANSFORM_LOAD, _SQL_UPDATE_VIEW
ModuleNotFoundError: No module named 'DAGs'
[2024-07-20T19:13:20.437+0000] {processor.py:842} WARNING - No viable dags retrieved from /opt/airflow/dags/pipeline.py
[2024-07-20T19:13:20.474+0000] {processor.py:183} INFO - Processing /opt/airflow/dags/pipeline.py took 0.067 seconds
[2024-07-20T19:13:50.687+0000] {processor.py:161} INFO - Started process (PID=600) to work on /opt/airflow/dags/pipeline.py
[2024-07-20T19:13:50.687+0000] {processor.py:830} INFO - Processing file /opt/airflow/dags/pipeline.py for tasks to queue
[2024-07-20T19:13:50.689+0000] {logging_mixin.py:188} INFO - [2024-07-20T19:13:50.688+0000] {dagbag.py:545} INFO - Filling up the DagBag from /opt/airflow/dags/pipeline.py
[2024-07-20T19:13:50.692+0000] {logging_mixin.py:188} INFO - [2024-07-20T19:13:50.691+0000] {dagbag.py:355} ERROR - Failed to import: /opt/airflow/dags/pipeline.py
Traceback (most recent call last):
  File "/home/airflow/.local/lib/python3.12/site-packages/airflow/models/dagbag.py", line 351, in parse
    loader.exec_module(new_module)
  File "<frozen importlib._bootstrap_external>", line 995, in exec_module
  File "<frozen importlib._bootstrap>", line 488, in _call_with_frames_removed
  File "/opt/airflow/dags/pipeline.py", line 5, in <module>
    from DAGs.scripts.csv_global_var import _LANDED, _PROCESSED, _CLEANED, _MYSQL_CSVS_DIR, _SQL_TABLES_INIT, _SQL_STAGING, _SQL_TRANSFORM_LOAD, _SQL_UPDATE_VIEW
ModuleNotFoundError: No module named 'DAGs'
[2024-07-20T19:13:50.693+0000] {processor.py:842} WARNING - No viable dags retrieved from /opt/airflow/dags/pipeline.py
[2024-07-20T19:13:50.756+0000] {processor.py:183} INFO - Processing /opt/airflow/dags/pipeline.py took 0.074 seconds
[2024-07-20T19:14:20.897+0000] {processor.py:161} INFO - Started process (PID=605) to work on /opt/airflow/dags/pipeline.py
[2024-07-20T19:14:20.910+0000] {processor.py:830} INFO - Processing file /opt/airflow/dags/pipeline.py for tasks to queue
[2024-07-20T19:14:20.912+0000] {logging_mixin.py:188} INFO - [2024-07-20T19:14:20.911+0000] {dagbag.py:545} INFO - Filling up the DagBag from /opt/airflow/dags/pipeline.py
[2024-07-20T19:14:20.915+0000] {logging_mixin.py:188} INFO - [2024-07-20T19:14:20.914+0000] {dagbag.py:355} ERROR - Failed to import: /opt/airflow/dags/pipeline.py
Traceback (most recent call last):
  File "/home/airflow/.local/lib/python3.12/site-packages/airflow/models/dagbag.py", line 351, in parse
    loader.exec_module(new_module)
  File "<frozen importlib._bootstrap_external>", line 995, in exec_module
  File "<frozen importlib._bootstrap>", line 488, in _call_with_frames_removed
  File "/opt/airflow/dags/pipeline.py", line 5, in <module>
    from DAGs.scripts.csv_global_var import _LANDED, _PROCESSED, _CLEANED, _MYSQL_CSVS_DIR, _SQL_TABLES_INIT, _SQL_STAGING, _SQL_TRANSFORM_LOAD, _SQL_UPDATE_VIEW
ModuleNotFoundError: No module named 'DAGs'
[2024-07-20T19:14:20.916+0000] {processor.py:842} WARNING - No viable dags retrieved from /opt/airflow/dags/pipeline.py
[2024-07-20T19:14:20.952+0000] {processor.py:183} INFO - Processing /opt/airflow/dags/pipeline.py took 0.061 seconds
[2024-07-20T19:14:51.206+0000] {processor.py:161} INFO - Started process (PID=610) to work on /opt/airflow/dags/pipeline.py
[2024-07-20T19:14:51.207+0000] {processor.py:830} INFO - Processing file /opt/airflow/dags/pipeline.py for tasks to queue
[2024-07-20T19:14:51.209+0000] {logging_mixin.py:188} INFO - [2024-07-20T19:14:51.209+0000] {dagbag.py:545} INFO - Filling up the DagBag from /opt/airflow/dags/pipeline.py
[2024-07-20T19:14:51.218+0000] {logging_mixin.py:188} INFO - [2024-07-20T19:14:51.215+0000] {dagbag.py:355} ERROR - Failed to import: /opt/airflow/dags/pipeline.py
Traceback (most recent call last):
  File "/home/airflow/.local/lib/python3.12/site-packages/airflow/models/dagbag.py", line 351, in parse
    loader.exec_module(new_module)
  File "<frozen importlib._bootstrap_external>", line 995, in exec_module
  File "<frozen importlib._bootstrap>", line 488, in _call_with_frames_removed
  File "/opt/airflow/dags/pipeline.py", line 5, in <module>
    from DAGs.scripts.csv_global_var import _LANDED, _PROCESSED, _CLEANED, _MYSQL_CSVS_DIR, _SQL_TABLES_INIT, _SQL_STAGING, _SQL_TRANSFORM_LOAD, _SQL_UPDATE_VIEW
ModuleNotFoundError: No module named 'DAGs'
[2024-07-20T19:14:51.219+0000] {processor.py:842} WARNING - No viable dags retrieved from /opt/airflow/dags/pipeline.py
[2024-07-20T19:14:51.268+0000] {processor.py:183} INFO - Processing /opt/airflow/dags/pipeline.py took 0.070 seconds
[2024-07-20T19:15:21.386+0000] {processor.py:161} INFO - Started process (PID=615) to work on /opt/airflow/dags/pipeline.py
[2024-07-20T19:15:21.401+0000] {processor.py:830} INFO - Processing file /opt/airflow/dags/pipeline.py for tasks to queue
[2024-07-20T19:15:21.403+0000] {logging_mixin.py:188} INFO - [2024-07-20T19:15:21.403+0000] {dagbag.py:545} INFO - Filling up the DagBag from /opt/airflow/dags/pipeline.py
[2024-07-20T19:15:21.406+0000] {logging_mixin.py:188} INFO - [2024-07-20T19:15:21.405+0000] {dagbag.py:355} ERROR - Failed to import: /opt/airflow/dags/pipeline.py
Traceback (most recent call last):
  File "/home/airflow/.local/lib/python3.12/site-packages/airflow/models/dagbag.py", line 351, in parse
    loader.exec_module(new_module)
  File "<frozen importlib._bootstrap_external>", line 995, in exec_module
  File "<frozen importlib._bootstrap>", line 488, in _call_with_frames_removed
  File "/opt/airflow/dags/pipeline.py", line 5, in <module>
    from DAGs.scripts.csv_global_var import _LANDED, _PROCESSED, _CLEANED, _MYSQL_CSVS_DIR, _SQL_TABLES_INIT, _SQL_STAGING, _SQL_TRANSFORM_LOAD, _SQL_UPDATE_VIEW
ModuleNotFoundError: No module named 'DAGs'
[2024-07-20T19:15:21.407+0000] {processor.py:842} WARNING - No viable dags retrieved from /opt/airflow/dags/pipeline.py
[2024-07-20T19:15:21.487+0000] {processor.py:183} INFO - Processing /opt/airflow/dags/pipeline.py took 0.108 seconds
[2024-07-20T19:15:51.630+0000] {processor.py:161} INFO - Started process (PID=620) to work on /opt/airflow/dags/pipeline.py
[2024-07-20T19:15:51.631+0000] {processor.py:830} INFO - Processing file /opt/airflow/dags/pipeline.py for tasks to queue
[2024-07-20T19:15:51.633+0000] {logging_mixin.py:188} INFO - [2024-07-20T19:15:51.632+0000] {dagbag.py:545} INFO - Filling up the DagBag from /opt/airflow/dags/pipeline.py
[2024-07-20T19:15:51.636+0000] {logging_mixin.py:188} INFO - [2024-07-20T19:15:51.635+0000] {dagbag.py:355} ERROR - Failed to import: /opt/airflow/dags/pipeline.py
Traceback (most recent call last):
  File "/home/airflow/.local/lib/python3.12/site-packages/airflow/models/dagbag.py", line 351, in parse
    loader.exec_module(new_module)
  File "<frozen importlib._bootstrap_external>", line 995, in exec_module
  File "<frozen importlib._bootstrap>", line 488, in _call_with_frames_removed
  File "/opt/airflow/dags/pipeline.py", line 5, in <module>
    from DAGs.scripts.csv_global_var import _LANDED, _PROCESSED, _CLEANED, _MYSQL_CSVS_DIR, _SQL_TABLES_INIT, _SQL_STAGING, _SQL_TRANSFORM_LOAD, _SQL_UPDATE_VIEW
ModuleNotFoundError: No module named 'DAGs'
[2024-07-20T19:15:51.637+0000] {processor.py:842} WARNING - No viable dags retrieved from /opt/airflow/dags/pipeline.py
[2024-07-20T19:15:51.719+0000] {processor.py:183} INFO - Processing /opt/airflow/dags/pipeline.py took 0.096 seconds
[2024-07-20T19:16:21.877+0000] {processor.py:161} INFO - Started process (PID=625) to work on /opt/airflow/dags/pipeline.py
[2024-07-20T19:16:21.896+0000] {processor.py:830} INFO - Processing file /opt/airflow/dags/pipeline.py for tasks to queue
[2024-07-20T19:16:21.898+0000] {logging_mixin.py:188} INFO - [2024-07-20T19:16:21.898+0000] {dagbag.py:545} INFO - Filling up the DagBag from /opt/airflow/dags/pipeline.py
[2024-07-20T19:16:21.901+0000] {logging_mixin.py:188} INFO - [2024-07-20T19:16:21.900+0000] {dagbag.py:355} ERROR - Failed to import: /opt/airflow/dags/pipeline.py
Traceback (most recent call last):
  File "/home/airflow/.local/lib/python3.12/site-packages/airflow/models/dagbag.py", line 351, in parse
    loader.exec_module(new_module)
  File "<frozen importlib._bootstrap_external>", line 995, in exec_module
  File "<frozen importlib._bootstrap>", line 488, in _call_with_frames_removed
  File "/opt/airflow/dags/pipeline.py", line 5, in <module>
    from DAGs.scripts.csv_global_var import _LANDED, _PROCESSED, _CLEANED, _MYSQL_CSVS_DIR, _SQL_TABLES_INIT, _SQL_STAGING, _SQL_TRANSFORM_LOAD, _SQL_UPDATE_VIEW
ModuleNotFoundError: No module named 'DAGs'
[2024-07-20T19:16:21.902+0000] {processor.py:842} WARNING - No viable dags retrieved from /opt/airflow/dags/pipeline.py
[2024-07-20T19:16:21.946+0000] {processor.py:183} INFO - Processing /opt/airflow/dags/pipeline.py took 0.075 seconds
[2024-07-20T19:16:52.088+0000] {processor.py:161} INFO - Started process (PID=630) to work on /opt/airflow/dags/pipeline.py
[2024-07-20T19:16:52.089+0000] {processor.py:830} INFO - Processing file /opt/airflow/dags/pipeline.py for tasks to queue
[2024-07-20T19:16:52.090+0000] {logging_mixin.py:188} INFO - [2024-07-20T19:16:52.090+0000] {dagbag.py:545} INFO - Filling up the DagBag from /opt/airflow/dags/pipeline.py
[2024-07-20T19:16:52.094+0000] {logging_mixin.py:188} INFO - [2024-07-20T19:16:52.093+0000] {dagbag.py:355} ERROR - Failed to import: /opt/airflow/dags/pipeline.py
Traceback (most recent call last):
  File "/home/airflow/.local/lib/python3.12/site-packages/airflow/models/dagbag.py", line 351, in parse
    loader.exec_module(new_module)
  File "<frozen importlib._bootstrap_external>", line 995, in exec_module
  File "<frozen importlib._bootstrap>", line 488, in _call_with_frames_removed
  File "/opt/airflow/dags/pipeline.py", line 5, in <module>
    from DAGs.scripts.csv_global_var import _LANDED, _PROCESSED, _CLEANED, _MYSQL_CSVS_DIR, _SQL_TABLES_INIT, _SQL_STAGING, _SQL_TRANSFORM_LOAD, _SQL_UPDATE_VIEW
ModuleNotFoundError: No module named 'DAGs'
[2024-07-20T19:16:52.095+0000] {processor.py:842} WARNING - No viable dags retrieved from /opt/airflow/dags/pipeline.py
[2024-07-20T19:16:52.141+0000] {processor.py:183} INFO - Processing /opt/airflow/dags/pipeline.py took 0.059 seconds
[2024-07-20T19:17:22.316+0000] {processor.py:161} INFO - Started process (PID=635) to work on /opt/airflow/dags/pipeline.py
[2024-07-20T19:17:22.330+0000] {processor.py:830} INFO - Processing file /opt/airflow/dags/pipeline.py for tasks to queue
[2024-07-20T19:17:22.332+0000] {logging_mixin.py:188} INFO - [2024-07-20T19:17:22.331+0000] {dagbag.py:545} INFO - Filling up the DagBag from /opt/airflow/dags/pipeline.py
[2024-07-20T19:17:22.334+0000] {logging_mixin.py:188} INFO - [2024-07-20T19:17:22.333+0000] {dagbag.py:355} ERROR - Failed to import: /opt/airflow/dags/pipeline.py
Traceback (most recent call last):
  File "/home/airflow/.local/lib/python3.12/site-packages/airflow/models/dagbag.py", line 351, in parse
    loader.exec_module(new_module)
  File "<frozen importlib._bootstrap_external>", line 995, in exec_module
  File "<frozen importlib._bootstrap>", line 488, in _call_with_frames_removed
  File "/opt/airflow/dags/pipeline.py", line 5, in <module>
    from DAGs.scripts.csv_global_var import _LANDED, _PROCESSED, _CLEANED, _MYSQL_CSVS_DIR, _SQL_TABLES_INIT, _SQL_STAGING, _SQL_TRANSFORM_LOAD, _SQL_UPDATE_VIEW
ModuleNotFoundError: No module named 'DAGs'
[2024-07-20T19:17:22.335+0000] {processor.py:842} WARNING - No viable dags retrieved from /opt/airflow/dags/pipeline.py
[2024-07-20T19:17:22.368+0000] {processor.py:183} INFO - Processing /opt/airflow/dags/pipeline.py took 0.057 seconds
[2024-07-20T19:17:52.517+0000] {processor.py:161} INFO - Started process (PID=640) to work on /opt/airflow/dags/pipeline.py
[2024-07-20T19:17:52.517+0000] {processor.py:830} INFO - Processing file /opt/airflow/dags/pipeline.py for tasks to queue
[2024-07-20T19:17:52.519+0000] {logging_mixin.py:188} INFO - [2024-07-20T19:17:52.518+0000] {dagbag.py:545} INFO - Filling up the DagBag from /opt/airflow/dags/pipeline.py
[2024-07-20T19:17:52.521+0000] {logging_mixin.py:188} INFO - [2024-07-20T19:17:52.520+0000] {dagbag.py:355} ERROR - Failed to import: /opt/airflow/dags/pipeline.py
Traceback (most recent call last):
  File "/home/airflow/.local/lib/python3.12/site-packages/airflow/models/dagbag.py", line 351, in parse
    loader.exec_module(new_module)
  File "<frozen importlib._bootstrap_external>", line 995, in exec_module
  File "<frozen importlib._bootstrap>", line 488, in _call_with_frames_removed
  File "/opt/airflow/dags/pipeline.py", line 5, in <module>
    from DAGs.scripts.csv_global_var import _LANDED, _PROCESSED, _CLEANED, _MYSQL_CSVS_DIR, _SQL_TABLES_INIT, _SQL_STAGING, _SQL_TRANSFORM_LOAD, _SQL_UPDATE_VIEW
ModuleNotFoundError: No module named 'DAGs'
[2024-07-20T19:17:52.522+0000] {processor.py:842} WARNING - No viable dags retrieved from /opt/airflow/dags/pipeline.py
[2024-07-20T19:17:52.562+0000] {processor.py:183} INFO - Processing /opt/airflow/dags/pipeline.py took 0.051 seconds
[2024-07-20T19:18:22.741+0000] {processor.py:161} INFO - Started process (PID=645) to work on /opt/airflow/dags/pipeline.py
[2024-07-20T19:18:22.756+0000] {processor.py:830} INFO - Processing file /opt/airflow/dags/pipeline.py for tasks to queue
[2024-07-20T19:18:22.758+0000] {logging_mixin.py:188} INFO - [2024-07-20T19:18:22.758+0000] {dagbag.py:545} INFO - Filling up the DagBag from /opt/airflow/dags/pipeline.py
[2024-07-20T19:18:22.762+0000] {logging_mixin.py:188} INFO - [2024-07-20T19:18:22.761+0000] {dagbag.py:355} ERROR - Failed to import: /opt/airflow/dags/pipeline.py
Traceback (most recent call last):
  File "/home/airflow/.local/lib/python3.12/site-packages/airflow/models/dagbag.py", line 351, in parse
    loader.exec_module(new_module)
  File "<frozen importlib._bootstrap_external>", line 995, in exec_module
  File "<frozen importlib._bootstrap>", line 488, in _call_with_frames_removed
  File "/opt/airflow/dags/pipeline.py", line 5, in <module>
    from DAGs.scripts.csv_global_var import _LANDED, _PROCESSED, _CLEANED, _MYSQL_CSVS_DIR, _SQL_TABLES_INIT, _SQL_STAGING, _SQL_TRANSFORM_LOAD, _SQL_UPDATE_VIEW
ModuleNotFoundError: No module named 'DAGs'
[2024-07-20T19:18:22.762+0000] {processor.py:842} WARNING - No viable dags retrieved from /opt/airflow/dags/pipeline.py
[2024-07-20T19:18:22.812+0000] {processor.py:183} INFO - Processing /opt/airflow/dags/pipeline.py took 0.081 seconds
[2024-07-20T19:18:52.954+0000] {processor.py:161} INFO - Started process (PID=650) to work on /opt/airflow/dags/pipeline.py
[2024-07-20T19:18:52.955+0000] {processor.py:830} INFO - Processing file /opt/airflow/dags/pipeline.py for tasks to queue
[2024-07-20T19:18:52.958+0000] {logging_mixin.py:188} INFO - [2024-07-20T19:18:52.958+0000] {dagbag.py:545} INFO - Filling up the DagBag from /opt/airflow/dags/pipeline.py
[2024-07-20T19:18:52.963+0000] {logging_mixin.py:188} INFO - [2024-07-20T19:18:52.961+0000] {dagbag.py:355} ERROR - Failed to import: /opt/airflow/dags/pipeline.py
Traceback (most recent call last):
  File "/home/airflow/.local/lib/python3.12/site-packages/airflow/models/dagbag.py", line 351, in parse
    loader.exec_module(new_module)
  File "<frozen importlib._bootstrap_external>", line 995, in exec_module
  File "<frozen importlib._bootstrap>", line 488, in _call_with_frames_removed
  File "/opt/airflow/dags/pipeline.py", line 5, in <module>
    from DAGs.scripts.csv_global_var import _LANDED, _PROCESSED, _CLEANED, _MYSQL_CSVS_DIR, _SQL_TABLES_INIT, _SQL_STAGING, _SQL_TRANSFORM_LOAD, _SQL_UPDATE_VIEW
ModuleNotFoundError: No module named 'DAGs'
[2024-07-20T19:18:52.963+0000] {processor.py:842} WARNING - No viable dags retrieved from /opt/airflow/dags/pipeline.py
[2024-07-20T19:18:53.017+0000] {processor.py:183} INFO - Processing /opt/airflow/dags/pipeline.py took 0.076 seconds
[2024-07-20T19:19:23.190+0000] {processor.py:161} INFO - Started process (PID=655) to work on /opt/airflow/dags/pipeline.py
[2024-07-20T19:19:23.205+0000] {processor.py:830} INFO - Processing file /opt/airflow/dags/pipeline.py for tasks to queue
[2024-07-20T19:19:23.207+0000] {logging_mixin.py:188} INFO - [2024-07-20T19:19:23.206+0000] {dagbag.py:545} INFO - Filling up the DagBag from /opt/airflow/dags/pipeline.py
[2024-07-20T19:19:23.210+0000] {logging_mixin.py:188} INFO - [2024-07-20T19:19:23.209+0000] {dagbag.py:355} ERROR - Failed to import: /opt/airflow/dags/pipeline.py
Traceback (most recent call last):
  File "/home/airflow/.local/lib/python3.12/site-packages/airflow/models/dagbag.py", line 351, in parse
    loader.exec_module(new_module)
  File "<frozen importlib._bootstrap_external>", line 995, in exec_module
  File "<frozen importlib._bootstrap>", line 488, in _call_with_frames_removed
  File "/opt/airflow/dags/pipeline.py", line 5, in <module>
    from DAGs.scripts.csv_global_var import _LANDED, _PROCESSED, _CLEANED, _MYSQL_CSVS_DIR, _SQL_TABLES_INIT, _SQL_STAGING, _SQL_TRANSFORM_LOAD, _SQL_UPDATE_VIEW
ModuleNotFoundError: No module named 'DAGs'
[2024-07-20T19:19:23.211+0000] {processor.py:842} WARNING - No viable dags retrieved from /opt/airflow/dags/pipeline.py
[2024-07-20T19:19:23.242+0000] {processor.py:183} INFO - Processing /opt/airflow/dags/pipeline.py took 0.059 seconds
[2024-07-20T19:19:53.416+0000] {processor.py:161} INFO - Started process (PID=660) to work on /opt/airflow/dags/pipeline.py
[2024-07-20T19:19:53.417+0000] {processor.py:830} INFO - Processing file /opt/airflow/dags/pipeline.py for tasks to queue
[2024-07-20T19:19:53.420+0000] {logging_mixin.py:188} INFO - [2024-07-20T19:19:53.420+0000] {dagbag.py:545} INFO - Filling up the DagBag from /opt/airflow/dags/pipeline.py
[2024-07-20T19:19:53.425+0000] {logging_mixin.py:188} INFO - [2024-07-20T19:19:53.423+0000] {dagbag.py:355} ERROR - Failed to import: /opt/airflow/dags/pipeline.py
Traceback (most recent call last):
  File "/home/airflow/.local/lib/python3.12/site-packages/airflow/models/dagbag.py", line 351, in parse
    loader.exec_module(new_module)
  File "<frozen importlib._bootstrap_external>", line 995, in exec_module
  File "<frozen importlib._bootstrap>", line 488, in _call_with_frames_removed
  File "/opt/airflow/dags/pipeline.py", line 5, in <module>
    from DAGs.scripts.csv_global_var import _LANDED, _PROCESSED, _CLEANED, _MYSQL_CSVS_DIR, _SQL_TABLES_INIT, _SQL_STAGING, _SQL_TRANSFORM_LOAD, _SQL_UPDATE_VIEW
ModuleNotFoundError: No module named 'DAGs'
[2024-07-20T19:19:53.426+0000] {processor.py:842} WARNING - No viable dags retrieved from /opt/airflow/dags/pipeline.py
[2024-07-20T19:19:53.479+0000] {processor.py:183} INFO - Processing /opt/airflow/dags/pipeline.py took 0.072 seconds
[2024-07-20T19:20:23.626+0000] {processor.py:161} INFO - Started process (PID=665) to work on /opt/airflow/dags/pipeline.py
[2024-07-20T19:20:23.646+0000] {processor.py:830} INFO - Processing file /opt/airflow/dags/pipeline.py for tasks to queue
[2024-07-20T19:20:23.651+0000] {logging_mixin.py:188} INFO - [2024-07-20T19:20:23.650+0000] {dagbag.py:545} INFO - Filling up the DagBag from /opt/airflow/dags/pipeline.py
[2024-07-20T19:20:23.657+0000] {logging_mixin.py:188} INFO - [2024-07-20T19:20:23.654+0000] {dagbag.py:355} ERROR - Failed to import: /opt/airflow/dags/pipeline.py
Traceback (most recent call last):
  File "/home/airflow/.local/lib/python3.12/site-packages/airflow/models/dagbag.py", line 351, in parse
    loader.exec_module(new_module)
  File "<frozen importlib._bootstrap_external>", line 995, in exec_module
  File "<frozen importlib._bootstrap>", line 488, in _call_with_frames_removed
  File "/opt/airflow/dags/pipeline.py", line 5, in <module>
    from DAGs.scripts.csv_global_var import _LANDED, _PROCESSED, _CLEANED, _MYSQL_CSVS_DIR, _SQL_TABLES_INIT, _SQL_STAGING, _SQL_TRANSFORM_LOAD, _SQL_UPDATE_VIEW
ModuleNotFoundError: No module named 'DAGs'
[2024-07-20T19:20:23.658+0000] {processor.py:842} WARNING - No viable dags retrieved from /opt/airflow/dags/pipeline.py
[2024-07-20T19:20:23.718+0000] {processor.py:183} INFO - Processing /opt/airflow/dags/pipeline.py took 0.100 seconds
[2024-07-20T19:20:53.877+0000] {processor.py:161} INFO - Started process (PID=670) to work on /opt/airflow/dags/pipeline.py
[2024-07-20T19:20:53.878+0000] {processor.py:830} INFO - Processing file /opt/airflow/dags/pipeline.py for tasks to queue
[2024-07-20T19:20:53.879+0000] {logging_mixin.py:188} INFO - [2024-07-20T19:20:53.879+0000] {dagbag.py:545} INFO - Filling up the DagBag from /opt/airflow/dags/pipeline.py
[2024-07-20T19:20:53.882+0000] {logging_mixin.py:188} INFO - [2024-07-20T19:20:53.881+0000] {dagbag.py:355} ERROR - Failed to import: /opt/airflow/dags/pipeline.py
Traceback (most recent call last):
  File "/home/airflow/.local/lib/python3.12/site-packages/airflow/models/dagbag.py", line 351, in parse
    loader.exec_module(new_module)
  File "<frozen importlib._bootstrap_external>", line 995, in exec_module
  File "<frozen importlib._bootstrap>", line 488, in _call_with_frames_removed
  File "/opt/airflow/dags/pipeline.py", line 5, in <module>
    from DAGs.scripts.csv_global_var import _LANDED, _PROCESSED, _CLEANED, _MYSQL_CSVS_DIR, _SQL_TABLES_INIT, _SQL_STAGING, _SQL_TRANSFORM_LOAD, _SQL_UPDATE_VIEW
ModuleNotFoundError: No module named 'DAGs'
[2024-07-20T19:20:53.883+0000] {processor.py:842} WARNING - No viable dags retrieved from /opt/airflow/dags/pipeline.py
[2024-07-20T19:20:53.920+0000] {processor.py:183} INFO - Processing /opt/airflow/dags/pipeline.py took 0.049 seconds
[2024-07-20T19:21:24.087+0000] {processor.py:161} INFO - Started process (PID=675) to work on /opt/airflow/dags/pipeline.py
[2024-07-20T19:21:24.088+0000] {processor.py:830} INFO - Processing file /opt/airflow/dags/pipeline.py for tasks to queue
[2024-07-20T19:21:24.090+0000] {logging_mixin.py:188} INFO - [2024-07-20T19:21:24.089+0000] {dagbag.py:545} INFO - Filling up the DagBag from /opt/airflow/dags/pipeline.py
[2024-07-20T19:21:24.093+0000] {logging_mixin.py:188} INFO - [2024-07-20T19:21:24.092+0000] {dagbag.py:355} ERROR - Failed to import: /opt/airflow/dags/pipeline.py
Traceback (most recent call last):
  File "/home/airflow/.local/lib/python3.12/site-packages/airflow/models/dagbag.py", line 351, in parse
    loader.exec_module(new_module)
  File "<frozen importlib._bootstrap_external>", line 995, in exec_module
  File "<frozen importlib._bootstrap>", line 488, in _call_with_frames_removed
  File "/opt/airflow/dags/pipeline.py", line 5, in <module>
    from DAGs.scripts.csv_global_var import _LANDED, _PROCESSED, _CLEANED, _MYSQL_CSVS_DIR, _SQL_TABLES_INIT, _SQL_STAGING, _SQL_TRANSFORM_LOAD, _SQL_UPDATE_VIEW
ModuleNotFoundError: No module named 'DAGs'
[2024-07-20T19:21:24.094+0000] {processor.py:842} WARNING - No viable dags retrieved from /opt/airflow/dags/pipeline.py
[2024-07-20T19:21:24.145+0000] {processor.py:183} INFO - Processing /opt/airflow/dags/pipeline.py took 0.063 seconds
[2024-07-20T19:21:54.343+0000] {processor.py:161} INFO - Started process (PID=680) to work on /opt/airflow/dags/pipeline.py
[2024-07-20T19:21:54.346+0000] {processor.py:830} INFO - Processing file /opt/airflow/dags/pipeline.py for tasks to queue
[2024-07-20T19:21:54.350+0000] {logging_mixin.py:188} INFO - [2024-07-20T19:21:54.349+0000] {dagbag.py:545} INFO - Filling up the DagBag from /opt/airflow/dags/pipeline.py
[2024-07-20T19:21:54.359+0000] {logging_mixin.py:188} INFO - [2024-07-20T19:21:54.354+0000] {dagbag.py:355} ERROR - Failed to import: /opt/airflow/dags/pipeline.py
Traceback (most recent call last):
  File "/home/airflow/.local/lib/python3.12/site-packages/airflow/models/dagbag.py", line 351, in parse
    loader.exec_module(new_module)
  File "<frozen importlib._bootstrap_external>", line 995, in exec_module
  File "<frozen importlib._bootstrap>", line 488, in _call_with_frames_removed
  File "/opt/airflow/dags/pipeline.py", line 5, in <module>
    from DAGs.scripts.csv_global_var import _LANDED, _PROCESSED, _CLEANED, _MYSQL_CSVS_DIR, _SQL_TABLES_INIT, _SQL_STAGING, _SQL_TRANSFORM_LOAD, _SQL_UPDATE_VIEW
ModuleNotFoundError: No module named 'DAGs'
[2024-07-20T19:21:54.360+0000] {processor.py:842} WARNING - No viable dags retrieved from /opt/airflow/dags/pipeline.py
[2024-07-20T19:21:54.504+0000] {processor.py:183} INFO - Processing /opt/airflow/dags/pipeline.py took 0.175 seconds
[2024-07-20T19:22:24.561+0000] {processor.py:161} INFO - Started process (PID=685) to work on /opt/airflow/dags/pipeline.py
[2024-07-20T19:22:24.579+0000] {processor.py:830} INFO - Processing file /opt/airflow/dags/pipeline.py for tasks to queue
[2024-07-20T19:22:24.585+0000] {logging_mixin.py:188} INFO - [2024-07-20T19:22:24.585+0000] {dagbag.py:545} INFO - Filling up the DagBag from /opt/airflow/dags/pipeline.py
[2024-07-20T19:22:24.588+0000] {logging_mixin.py:188} INFO - [2024-07-20T19:22:24.587+0000] {dagbag.py:355} ERROR - Failed to import: /opt/airflow/dags/pipeline.py
Traceback (most recent call last):
  File "/home/airflow/.local/lib/python3.12/site-packages/airflow/models/dagbag.py", line 351, in parse
    loader.exec_module(new_module)
  File "<frozen importlib._bootstrap_external>", line 995, in exec_module
  File "<frozen importlib._bootstrap>", line 488, in _call_with_frames_removed
  File "/opt/airflow/dags/pipeline.py", line 5, in <module>
    from DAGs.scripts.csv_global_var import _LANDED, _PROCESSED, _CLEANED, _MYSQL_CSVS_DIR, _SQL_TABLES_INIT, _SQL_STAGING, _SQL_TRANSFORM_LOAD, _SQL_UPDATE_VIEW
ModuleNotFoundError: No module named 'DAGs'
[2024-07-20T19:22:24.589+0000] {processor.py:842} WARNING - No viable dags retrieved from /opt/airflow/dags/pipeline.py
[2024-07-20T19:22:24.651+0000] {processor.py:183} INFO - Processing /opt/airflow/dags/pipeline.py took 0.098 seconds
[2024-07-20T19:22:54.893+0000] {processor.py:161} INFO - Started process (PID=690) to work on /opt/airflow/dags/pipeline.py
[2024-07-20T19:22:54.893+0000] {processor.py:830} INFO - Processing file /opt/airflow/dags/pipeline.py for tasks to queue
[2024-07-20T19:22:54.895+0000] {logging_mixin.py:188} INFO - [2024-07-20T19:22:54.895+0000] {dagbag.py:545} INFO - Filling up the DagBag from /opt/airflow/dags/pipeline.py
[2024-07-20T19:22:54.899+0000] {logging_mixin.py:188} INFO - [2024-07-20T19:22:54.898+0000] {dagbag.py:355} ERROR - Failed to import: /opt/airflow/dags/pipeline.py
Traceback (most recent call last):
  File "/home/airflow/.local/lib/python3.12/site-packages/airflow/models/dagbag.py", line 351, in parse
    loader.exec_module(new_module)
  File "<frozen importlib._bootstrap_external>", line 995, in exec_module
  File "<frozen importlib._bootstrap>", line 488, in _call_with_frames_removed
  File "/opt/airflow/dags/pipeline.py", line 5, in <module>
    from DAGs.scripts.csv_global_var import _LANDED, _PROCESSED, _CLEANED, _MYSQL_CSVS_DIR, _SQL_TABLES_INIT, _SQL_STAGING, _SQL_TRANSFORM_LOAD, _SQL_UPDATE_VIEW
ModuleNotFoundError: No module named 'DAGs'
[2024-07-20T19:22:54.899+0000] {processor.py:842} WARNING - No viable dags retrieved from /opt/airflow/dags/pipeline.py
[2024-07-20T19:22:54.942+0000] {processor.py:183} INFO - Processing /opt/airflow/dags/pipeline.py took 0.056 seconds
[2024-07-20T19:23:25.129+0000] {processor.py:161} INFO - Started process (PID=695) to work on /opt/airflow/dags/pipeline.py
[2024-07-20T19:23:25.149+0000] {processor.py:830} INFO - Processing file /opt/airflow/dags/pipeline.py for tasks to queue
[2024-07-20T19:23:25.151+0000] {logging_mixin.py:188} INFO - [2024-07-20T19:23:25.150+0000] {dagbag.py:545} INFO - Filling up the DagBag from /opt/airflow/dags/pipeline.py
[2024-07-20T19:23:25.153+0000] {logging_mixin.py:188} INFO - [2024-07-20T19:23:25.152+0000] {dagbag.py:355} ERROR - Failed to import: /opt/airflow/dags/pipeline.py
Traceback (most recent call last):
  File "/home/airflow/.local/lib/python3.12/site-packages/airflow/models/dagbag.py", line 351, in parse
    loader.exec_module(new_module)
  File "<frozen importlib._bootstrap_external>", line 995, in exec_module
  File "<frozen importlib._bootstrap>", line 488, in _call_with_frames_removed
  File "/opt/airflow/dags/pipeline.py", line 5, in <module>
    from DAGs.scripts.csv_global_var import _LANDED, _PROCESSED, _CLEANED, _MYSQL_CSVS_DIR, _SQL_TABLES_INIT, _SQL_STAGING, _SQL_TRANSFORM_LOAD, _SQL_UPDATE_VIEW
ModuleNotFoundError: No module named 'DAGs'
[2024-07-20T19:23:25.154+0000] {processor.py:842} WARNING - No viable dags retrieved from /opt/airflow/dags/pipeline.py
[2024-07-20T19:23:25.189+0000] {processor.py:183} INFO - Processing /opt/airflow/dags/pipeline.py took 0.067 seconds
[2024-07-20T19:23:55.411+0000] {processor.py:161} INFO - Started process (PID=700) to work on /opt/airflow/dags/pipeline.py
[2024-07-20T19:23:55.412+0000] {processor.py:830} INFO - Processing file /opt/airflow/dags/pipeline.py for tasks to queue
[2024-07-20T19:23:55.413+0000] {logging_mixin.py:188} INFO - [2024-07-20T19:23:55.413+0000] {dagbag.py:545} INFO - Filling up the DagBag from /opt/airflow/dags/pipeline.py
[2024-07-20T19:23:55.416+0000] {logging_mixin.py:188} INFO - [2024-07-20T19:23:55.415+0000] {dagbag.py:355} ERROR - Failed to import: /opt/airflow/dags/pipeline.py
Traceback (most recent call last):
  File "/home/airflow/.local/lib/python3.12/site-packages/airflow/models/dagbag.py", line 351, in parse
    loader.exec_module(new_module)
  File "<frozen importlib._bootstrap_external>", line 995, in exec_module
  File "<frozen importlib._bootstrap>", line 488, in _call_with_frames_removed
  File "/opt/airflow/dags/pipeline.py", line 5, in <module>
    from DAGs.scripts.csv_global_var import _LANDED, _PROCESSED, _CLEANED, _MYSQL_CSVS_DIR, _SQL_TABLES_INIT, _SQL_STAGING, _SQL_TRANSFORM_LOAD, _SQL_UPDATE_VIEW
ModuleNotFoundError: No module named 'DAGs'
[2024-07-20T19:23:55.416+0000] {processor.py:842} WARNING - No viable dags retrieved from /opt/airflow/dags/pipeline.py
[2024-07-20T19:23:55.447+0000] {processor.py:183} INFO - Processing /opt/airflow/dags/pipeline.py took 0.041 seconds
[2024-07-20T19:24:25.623+0000] {processor.py:161} INFO - Started process (PID=705) to work on /opt/airflow/dags/pipeline.py
[2024-07-20T19:24:25.644+0000] {processor.py:830} INFO - Processing file /opt/airflow/dags/pipeline.py for tasks to queue
[2024-07-20T19:24:25.646+0000] {logging_mixin.py:188} INFO - [2024-07-20T19:24:25.645+0000] {dagbag.py:545} INFO - Filling up the DagBag from /opt/airflow/dags/pipeline.py
[2024-07-20T19:24:25.648+0000] {logging_mixin.py:188} INFO - [2024-07-20T19:24:25.647+0000] {dagbag.py:355} ERROR - Failed to import: /opt/airflow/dags/pipeline.py
Traceback (most recent call last):
  File "/home/airflow/.local/lib/python3.12/site-packages/airflow/models/dagbag.py", line 351, in parse
    loader.exec_module(new_module)
  File "<frozen importlib._bootstrap_external>", line 995, in exec_module
  File "<frozen importlib._bootstrap>", line 488, in _call_with_frames_removed
  File "/opt/airflow/dags/pipeline.py", line 5, in <module>
    from DAGs.scripts.csv_global_var import _LANDED, _PROCESSED, _CLEANED, _MYSQL_CSVS_DIR, _SQL_TABLES_INIT, _SQL_STAGING, _SQL_TRANSFORM_LOAD, _SQL_UPDATE_VIEW
ModuleNotFoundError: No module named 'DAGs'
[2024-07-20T19:24:25.649+0000] {processor.py:842} WARNING - No viable dags retrieved from /opt/airflow/dags/pipeline.py
[2024-07-20T19:24:25.683+0000] {processor.py:183} INFO - Processing /opt/airflow/dags/pipeline.py took 0.066 seconds
[2024-07-20T19:24:55.845+0000] {processor.py:161} INFO - Started process (PID=710) to work on /opt/airflow/dags/pipeline.py
[2024-07-20T19:24:55.848+0000] {processor.py:830} INFO - Processing file /opt/airflow/dags/pipeline.py for tasks to queue
[2024-07-20T19:24:55.852+0000] {logging_mixin.py:188} INFO - [2024-07-20T19:24:55.851+0000] {dagbag.py:545} INFO - Filling up the DagBag from /opt/airflow/dags/pipeline.py
[2024-07-20T19:24:55.856+0000] {logging_mixin.py:188} INFO - [2024-07-20T19:24:55.854+0000] {dagbag.py:355} ERROR - Failed to import: /opt/airflow/dags/pipeline.py
Traceback (most recent call last):
  File "/home/airflow/.local/lib/python3.12/site-packages/airflow/models/dagbag.py", line 351, in parse
    loader.exec_module(new_module)
  File "<frozen importlib._bootstrap_external>", line 995, in exec_module
  File "<frozen importlib._bootstrap>", line 488, in _call_with_frames_removed
  File "/opt/airflow/dags/pipeline.py", line 5, in <module>
    from DAGs.scripts.csv_global_var import _LANDED, _PROCESSED, _CLEANED, _MYSQL_CSVS_DIR, _SQL_TABLES_INIT, _SQL_STAGING, _SQL_TRANSFORM_LOAD, _SQL_UPDATE_VIEW
ModuleNotFoundError: No module named 'DAGs'
[2024-07-20T19:24:55.857+0000] {processor.py:842} WARNING - No viable dags retrieved from /opt/airflow/dags/pipeline.py
[2024-07-20T19:24:55.920+0000] {processor.py:183} INFO - Processing /opt/airflow/dags/pipeline.py took 0.090 seconds
[2024-07-20T19:25:26.104+0000] {processor.py:161} INFO - Started process (PID=715) to work on /opt/airflow/dags/pipeline.py
[2024-07-20T19:25:26.105+0000] {processor.py:830} INFO - Processing file /opt/airflow/dags/pipeline.py for tasks to queue
[2024-07-20T19:25:26.106+0000] {logging_mixin.py:188} INFO - [2024-07-20T19:25:26.106+0000] {dagbag.py:545} INFO - Filling up the DagBag from /opt/airflow/dags/pipeline.py
[2024-07-20T19:25:26.109+0000] {logging_mixin.py:188} INFO - [2024-07-20T19:25:26.108+0000] {dagbag.py:355} ERROR - Failed to import: /opt/airflow/dags/pipeline.py
Traceback (most recent call last):
  File "/home/airflow/.local/lib/python3.12/site-packages/airflow/models/dagbag.py", line 351, in parse
    loader.exec_module(new_module)
  File "<frozen importlib._bootstrap_external>", line 995, in exec_module
  File "<frozen importlib._bootstrap>", line 488, in _call_with_frames_removed
  File "/opt/airflow/dags/pipeline.py", line 5, in <module>
    from DAGs.scripts.csv_global_var import _LANDED, _PROCESSED, _CLEANED, _MYSQL_CSVS_DIR, _SQL_TABLES_INIT, _SQL_STAGING, _SQL_TRANSFORM_LOAD, _SQL_UPDATE_VIEW
ModuleNotFoundError: No module named 'DAGs'
[2024-07-20T19:25:26.110+0000] {processor.py:842} WARNING - No viable dags retrieved from /opt/airflow/dags/pipeline.py
[2024-07-20T19:25:26.132+0000] {processor.py:183} INFO - Processing /opt/airflow/dags/pipeline.py took 0.033 seconds
[2024-07-20T19:25:56.333+0000] {processor.py:161} INFO - Started process (PID=720) to work on /opt/airflow/dags/pipeline.py
[2024-07-20T19:25:56.334+0000] {processor.py:830} INFO - Processing file /opt/airflow/dags/pipeline.py for tasks to queue
[2024-07-20T19:25:56.335+0000] {logging_mixin.py:188} INFO - [2024-07-20T19:25:56.335+0000] {dagbag.py:545} INFO - Filling up the DagBag from /opt/airflow/dags/pipeline.py
[2024-07-20T19:25:56.343+0000] {logging_mixin.py:188} INFO - [2024-07-20T19:25:56.340+0000] {dagbag.py:355} ERROR - Failed to import: /opt/airflow/dags/pipeline.py
Traceback (most recent call last):
  File "/home/airflow/.local/lib/python3.12/site-packages/airflow/models/dagbag.py", line 351, in parse
    loader.exec_module(new_module)
  File "<frozen importlib._bootstrap_external>", line 995, in exec_module
  File "<frozen importlib._bootstrap>", line 488, in _call_with_frames_removed
  File "/opt/airflow/dags/pipeline.py", line 5, in <module>
    from DAGs.scripts.csv_global_var import _LANDED, _PROCESSED, _CLEANED, _MYSQL_CSVS_DIR, _SQL_TABLES_INIT, _SQL_STAGING, _SQL_TRANSFORM_LOAD, _SQL_UPDATE_VIEW
ModuleNotFoundError: No module named 'DAGs'
[2024-07-20T19:25:56.345+0000] {processor.py:842} WARNING - No viable dags retrieved from /opt/airflow/dags/pipeline.py
[2024-07-20T19:25:56.401+0000] {processor.py:183} INFO - Processing /opt/airflow/dags/pipeline.py took 0.081 seconds
[2024-07-20T19:26:26.525+0000] {processor.py:161} INFO - Started process (PID=725) to work on /opt/airflow/dags/pipeline.py
[2024-07-20T19:26:26.540+0000] {processor.py:830} INFO - Processing file /opt/airflow/dags/pipeline.py for tasks to queue
[2024-07-20T19:26:26.542+0000] {logging_mixin.py:188} INFO - [2024-07-20T19:26:26.541+0000] {dagbag.py:545} INFO - Filling up the DagBag from /opt/airflow/dags/pipeline.py
[2024-07-20T19:26:26.545+0000] {logging_mixin.py:188} INFO - [2024-07-20T19:26:26.544+0000] {dagbag.py:355} ERROR - Failed to import: /opt/airflow/dags/pipeline.py
Traceback (most recent call last):
  File "/home/airflow/.local/lib/python3.12/site-packages/airflow/models/dagbag.py", line 351, in parse
    loader.exec_module(new_module)
  File "<frozen importlib._bootstrap_external>", line 995, in exec_module
  File "<frozen importlib._bootstrap>", line 488, in _call_with_frames_removed
  File "/opt/airflow/dags/pipeline.py", line 5, in <module>
    from DAGs.scripts.csv_global_var import _LANDED, _PROCESSED, _CLEANED, _MYSQL_CSVS_DIR, _SQL_TABLES_INIT, _SQL_STAGING, _SQL_TRANSFORM_LOAD, _SQL_UPDATE_VIEW
ModuleNotFoundError: No module named 'DAGs'
[2024-07-20T19:26:26.545+0000] {processor.py:842} WARNING - No viable dags retrieved from /opt/airflow/dags/pipeline.py
[2024-07-20T19:26:26.581+0000] {processor.py:183} INFO - Processing /opt/airflow/dags/pipeline.py took 0.061 seconds
[2024-07-20T19:26:56.746+0000] {processor.py:161} INFO - Started process (PID=730) to work on /opt/airflow/dags/pipeline.py
[2024-07-20T19:26:56.746+0000] {processor.py:830} INFO - Processing file /opt/airflow/dags/pipeline.py for tasks to queue
[2024-07-20T19:26:56.748+0000] {logging_mixin.py:188} INFO - [2024-07-20T19:26:56.747+0000] {dagbag.py:545} INFO - Filling up the DagBag from /opt/airflow/dags/pipeline.py
[2024-07-20T19:26:56.751+0000] {logging_mixin.py:188} INFO - [2024-07-20T19:26:56.750+0000] {dagbag.py:355} ERROR - Failed to import: /opt/airflow/dags/pipeline.py
Traceback (most recent call last):
  File "/home/airflow/.local/lib/python3.12/site-packages/airflow/models/dagbag.py", line 351, in parse
    loader.exec_module(new_module)
  File "<frozen importlib._bootstrap_external>", line 995, in exec_module
  File "<frozen importlib._bootstrap>", line 488, in _call_with_frames_removed
  File "/opt/airflow/dags/pipeline.py", line 5, in <module>
    from DAGs.scripts.csv_global_var import _LANDED, _PROCESSED, _CLEANED, _MYSQL_CSVS_DIR, _SQL_TABLES_INIT, _SQL_STAGING, _SQL_TRANSFORM_LOAD, _SQL_UPDATE_VIEW
ModuleNotFoundError: No module named 'DAGs'
[2024-07-20T19:26:56.751+0000] {processor.py:842} WARNING - No viable dags retrieved from /opt/airflow/dags/pipeline.py
[2024-07-20T19:26:56.783+0000] {processor.py:183} INFO - Processing /opt/airflow/dags/pipeline.py took 0.043 seconds
[2024-07-20T19:27:26.981+0000] {processor.py:161} INFO - Started process (PID=735) to work on /opt/airflow/dags/pipeline.py
[2024-07-20T19:27:27.022+0000] {processor.py:830} INFO - Processing file /opt/airflow/dags/pipeline.py for tasks to queue
[2024-07-20T19:27:27.024+0000] {logging_mixin.py:188} INFO - [2024-07-20T19:27:27.023+0000] {dagbag.py:545} INFO - Filling up the DagBag from /opt/airflow/dags/pipeline.py
[2024-07-20T19:27:27.027+0000] {logging_mixin.py:188} INFO - [2024-07-20T19:27:27.026+0000] {dagbag.py:355} ERROR - Failed to import: /opt/airflow/dags/pipeline.py
Traceback (most recent call last):
  File "/home/airflow/.local/lib/python3.12/site-packages/airflow/models/dagbag.py", line 351, in parse
    loader.exec_module(new_module)
  File "<frozen importlib._bootstrap_external>", line 995, in exec_module
  File "<frozen importlib._bootstrap>", line 488, in _call_with_frames_removed
  File "/opt/airflow/dags/pipeline.py", line 5, in <module>
    from DAGs.scripts.csv_global_var import _LANDED, _PROCESSED, _CLEANED, _MYSQL_CSVS_DIR, _SQL_TABLES_INIT, _SQL_STAGING, _SQL_TRANSFORM_LOAD, _SQL_UPDATE_VIEW
ModuleNotFoundError: No module named 'DAGs'
[2024-07-20T19:27:27.028+0000] {processor.py:842} WARNING - No viable dags retrieved from /opt/airflow/dags/pipeline.py
[2024-07-20T19:27:27.074+0000] {processor.py:183} INFO - Processing /opt/airflow/dags/pipeline.py took 0.099 seconds
[2024-07-20T19:27:57.180+0000] {processor.py:161} INFO - Started process (PID=740) to work on /opt/airflow/dags/pipeline.py
[2024-07-20T19:27:57.181+0000] {processor.py:830} INFO - Processing file /opt/airflow/dags/pipeline.py for tasks to queue
[2024-07-20T19:27:57.184+0000] {logging_mixin.py:188} INFO - [2024-07-20T19:27:57.184+0000] {dagbag.py:545} INFO - Filling up the DagBag from /opt/airflow/dags/pipeline.py
[2024-07-20T19:27:57.191+0000] {logging_mixin.py:188} INFO - [2024-07-20T19:27:57.190+0000] {dagbag.py:355} ERROR - Failed to import: /opt/airflow/dags/pipeline.py
Traceback (most recent call last):
  File "/home/airflow/.local/lib/python3.12/site-packages/airflow/models/dagbag.py", line 351, in parse
    loader.exec_module(new_module)
  File "<frozen importlib._bootstrap_external>", line 995, in exec_module
  File "<frozen importlib._bootstrap>", line 488, in _call_with_frames_removed
  File "/opt/airflow/dags/pipeline.py", line 5, in <module>
    from DAGs.scripts.csv_global_var import _LANDED, _PROCESSED, _CLEANED, _MYSQL_CSVS_DIR, _SQL_TABLES_INIT, _SQL_STAGING, _SQL_TRANSFORM_LOAD, _SQL_UPDATE_VIEW
ModuleNotFoundError: No module named 'DAGs'
[2024-07-20T19:27:57.192+0000] {processor.py:842} WARNING - No viable dags retrieved from /opt/airflow/dags/pipeline.py
[2024-07-20T19:27:57.231+0000] {processor.py:183} INFO - Processing /opt/airflow/dags/pipeline.py took 0.057 seconds
[2024-07-20T19:28:27.378+0000] {processor.py:161} INFO - Started process (PID=745) to work on /opt/airflow/dags/pipeline.py
[2024-07-20T19:28:27.379+0000] {processor.py:830} INFO - Processing file /opt/airflow/dags/pipeline.py for tasks to queue
[2024-07-20T19:28:27.380+0000] {logging_mixin.py:188} INFO - [2024-07-20T19:28:27.380+0000] {dagbag.py:545} INFO - Filling up the DagBag from /opt/airflow/dags/pipeline.py
[2024-07-20T19:28:27.383+0000] {logging_mixin.py:188} INFO - [2024-07-20T19:28:27.382+0000] {dagbag.py:355} ERROR - Failed to import: /opt/airflow/dags/pipeline.py
Traceback (most recent call last):
  File "/home/airflow/.local/lib/python3.12/site-packages/airflow/models/dagbag.py", line 351, in parse
    loader.exec_module(new_module)
  File "<frozen importlib._bootstrap_external>", line 995, in exec_module
  File "<frozen importlib._bootstrap>", line 488, in _call_with_frames_removed
  File "/opt/airflow/dags/pipeline.py", line 5, in <module>
    from DAGs.scripts.csv_global_var import _LANDED, _PROCESSED, _CLEANED, _MYSQL_CSVS_DIR, _SQL_TABLES_INIT, _SQL_STAGING, _SQL_TRANSFORM_LOAD, _SQL_UPDATE_VIEW
ModuleNotFoundError: No module named 'DAGs'
[2024-07-20T19:28:27.384+0000] {processor.py:842} WARNING - No viable dags retrieved from /opt/airflow/dags/pipeline.py
[2024-07-20T19:28:27.422+0000] {processor.py:183} INFO - Processing /opt/airflow/dags/pipeline.py took 0.049 seconds
[2024-07-20T19:28:57.615+0000] {processor.py:161} INFO - Started process (PID=750) to work on /opt/airflow/dags/pipeline.py
[2024-07-20T19:28:57.616+0000] {processor.py:830} INFO - Processing file /opt/airflow/dags/pipeline.py for tasks to queue
[2024-07-20T19:28:57.617+0000] {logging_mixin.py:188} INFO - [2024-07-20T19:28:57.617+0000] {dagbag.py:545} INFO - Filling up the DagBag from /opt/airflow/dags/pipeline.py
[2024-07-20T19:28:57.620+0000] {logging_mixin.py:188} INFO - [2024-07-20T19:28:57.619+0000] {dagbag.py:355} ERROR - Failed to import: /opt/airflow/dags/pipeline.py
Traceback (most recent call last):
  File "/home/airflow/.local/lib/python3.12/site-packages/airflow/models/dagbag.py", line 351, in parse
    loader.exec_module(new_module)
  File "<frozen importlib._bootstrap_external>", line 995, in exec_module
  File "<frozen importlib._bootstrap>", line 488, in _call_with_frames_removed
  File "/opt/airflow/dags/pipeline.py", line 5, in <module>
    from DAGs.scripts.csv_global_var import _LANDED, _PROCESSED, _CLEANED, _MYSQL_CSVS_DIR, _SQL_TABLES_INIT, _SQL_STAGING, _SQL_TRANSFORM_LOAD, _SQL_UPDATE_VIEW
ModuleNotFoundError: No module named 'DAGs'
[2024-07-20T19:28:57.621+0000] {processor.py:842} WARNING - No viable dags retrieved from /opt/airflow/dags/pipeline.py
[2024-07-20T19:28:57.679+0000] {processor.py:183} INFO - Processing /opt/airflow/dags/pipeline.py took 0.069 seconds
[2024-07-20T19:29:27.819+0000] {processor.py:161} INFO - Started process (PID=755) to work on /opt/airflow/dags/pipeline.py
[2024-07-20T19:29:27.820+0000] {processor.py:830} INFO - Processing file /opt/airflow/dags/pipeline.py for tasks to queue
[2024-07-20T19:29:27.822+0000] {logging_mixin.py:188} INFO - [2024-07-20T19:29:27.821+0000] {dagbag.py:545} INFO - Filling up the DagBag from /opt/airflow/dags/pipeline.py
[2024-07-20T19:29:27.825+0000] {logging_mixin.py:188} INFO - [2024-07-20T19:29:27.824+0000] {dagbag.py:355} ERROR - Failed to import: /opt/airflow/dags/pipeline.py
Traceback (most recent call last):
  File "/home/airflow/.local/lib/python3.12/site-packages/airflow/models/dagbag.py", line 351, in parse
    loader.exec_module(new_module)
  File "<frozen importlib._bootstrap_external>", line 995, in exec_module
  File "<frozen importlib._bootstrap>", line 488, in _call_with_frames_removed
  File "/opt/airflow/dags/pipeline.py", line 5, in <module>
    from DAGs.scripts.csv_global_var import _LANDED, _PROCESSED, _CLEANED, _MYSQL_CSVS_DIR, _SQL_TABLES_INIT, _SQL_STAGING, _SQL_TRANSFORM_LOAD, _SQL_UPDATE_VIEW
ModuleNotFoundError: No module named 'DAGs'
[2024-07-20T19:29:27.826+0000] {processor.py:842} WARNING - No viable dags retrieved from /opt/airflow/dags/pipeline.py
[2024-07-20T19:29:27.881+0000] {processor.py:183} INFO - Processing /opt/airflow/dags/pipeline.py took 0.069 seconds
[2024-07-20T19:29:58.060+0000] {processor.py:161} INFO - Started process (PID=760) to work on /opt/airflow/dags/pipeline.py
[2024-07-20T19:29:58.060+0000] {processor.py:830} INFO - Processing file /opt/airflow/dags/pipeline.py for tasks to queue
[2024-07-20T19:29:58.062+0000] {logging_mixin.py:188} INFO - [2024-07-20T19:29:58.062+0000] {dagbag.py:545} INFO - Filling up the DagBag from /opt/airflow/dags/pipeline.py
[2024-07-20T19:29:58.065+0000] {logging_mixin.py:188} INFO - [2024-07-20T19:29:58.064+0000] {dagbag.py:355} ERROR - Failed to import: /opt/airflow/dags/pipeline.py
Traceback (most recent call last):
  File "/home/airflow/.local/lib/python3.12/site-packages/airflow/models/dagbag.py", line 351, in parse
    loader.exec_module(new_module)
  File "<frozen importlib._bootstrap_external>", line 995, in exec_module
  File "<frozen importlib._bootstrap>", line 488, in _call_with_frames_removed
  File "/opt/airflow/dags/pipeline.py", line 5, in <module>
    from DAGs.scripts.csv_global_var import _LANDED, _PROCESSED, _CLEANED, _MYSQL_CSVS_DIR, _SQL_TABLES_INIT, _SQL_STAGING, _SQL_TRANSFORM_LOAD, _SQL_UPDATE_VIEW
ModuleNotFoundError: No module named 'DAGs'
[2024-07-20T19:29:58.065+0000] {processor.py:842} WARNING - No viable dags retrieved from /opt/airflow/dags/pipeline.py
[2024-07-20T19:29:58.128+0000] {processor.py:183} INFO - Processing /opt/airflow/dags/pipeline.py took 0.073 seconds
[2024-07-20T19:30:28.289+0000] {processor.py:161} INFO - Started process (PID=765) to work on /opt/airflow/dags/pipeline.py
[2024-07-20T19:30:28.290+0000] {processor.py:830} INFO - Processing file /opt/airflow/dags/pipeline.py for tasks to queue
[2024-07-20T19:30:28.292+0000] {logging_mixin.py:188} INFO - [2024-07-20T19:30:28.291+0000] {dagbag.py:545} INFO - Filling up the DagBag from /opt/airflow/dags/pipeline.py
[2024-07-20T19:30:28.295+0000] {logging_mixin.py:188} INFO - [2024-07-20T19:30:28.294+0000] {dagbag.py:355} ERROR - Failed to import: /opt/airflow/dags/pipeline.py
Traceback (most recent call last):
  File "/home/airflow/.local/lib/python3.12/site-packages/airflow/models/dagbag.py", line 351, in parse
    loader.exec_module(new_module)
  File "<frozen importlib._bootstrap_external>", line 995, in exec_module
  File "<frozen importlib._bootstrap>", line 488, in _call_with_frames_removed
  File "/opt/airflow/dags/pipeline.py", line 5, in <module>
    from DAGs.scripts.csv_global_var import _LANDED, _PROCESSED, _CLEANED, _MYSQL_CSVS_DIR, _SQL_TABLES_INIT, _SQL_STAGING, _SQL_TRANSFORM_LOAD, _SQL_UPDATE_VIEW
ModuleNotFoundError: No module named 'DAGs'
[2024-07-20T19:30:28.296+0000] {processor.py:842} WARNING - No viable dags retrieved from /opt/airflow/dags/pipeline.py
[2024-07-20T19:30:28.329+0000] {processor.py:183} INFO - Processing /opt/airflow/dags/pipeline.py took 0.047 seconds
[2024-07-20T19:30:58.522+0000] {processor.py:161} INFO - Started process (PID=770) to work on /opt/airflow/dags/pipeline.py
[2024-07-20T19:30:58.522+0000] {processor.py:830} INFO - Processing file /opt/airflow/dags/pipeline.py for tasks to queue
[2024-07-20T19:30:58.524+0000] {logging_mixin.py:188} INFO - [2024-07-20T19:30:58.524+0000] {dagbag.py:545} INFO - Filling up the DagBag from /opt/airflow/dags/pipeline.py
[2024-07-20T19:30:58.528+0000] {logging_mixin.py:188} INFO - [2024-07-20T19:30:58.526+0000] {dagbag.py:355} ERROR - Failed to import: /opt/airflow/dags/pipeline.py
Traceback (most recent call last):
  File "/home/airflow/.local/lib/python3.12/site-packages/airflow/models/dagbag.py", line 351, in parse
    loader.exec_module(new_module)
  File "<frozen importlib._bootstrap_external>", line 995, in exec_module
  File "<frozen importlib._bootstrap>", line 488, in _call_with_frames_removed
  File "/opt/airflow/dags/pipeline.py", line 5, in <module>
    from DAGs.scripts.csv_global_var import _LANDED, _PROCESSED, _CLEANED, _MYSQL_CSVS_DIR, _SQL_TABLES_INIT, _SQL_STAGING, _SQL_TRANSFORM_LOAD, _SQL_UPDATE_VIEW
ModuleNotFoundError: No module named 'DAGs'
[2024-07-20T19:30:58.528+0000] {processor.py:842} WARNING - No viable dags retrieved from /opt/airflow/dags/pipeline.py
[2024-07-20T19:30:58.613+0000] {processor.py:183} INFO - Processing /opt/airflow/dags/pipeline.py took 0.098 seconds
[2024-07-20T19:31:28.736+0000] {processor.py:161} INFO - Started process (PID=775) to work on /opt/airflow/dags/pipeline.py
[2024-07-20T19:31:28.759+0000] {processor.py:830} INFO - Processing file /opt/airflow/dags/pipeline.py for tasks to queue
[2024-07-20T19:31:28.762+0000] {logging_mixin.py:188} INFO - [2024-07-20T19:31:28.761+0000] {dagbag.py:545} INFO - Filling up the DagBag from /opt/airflow/dags/pipeline.py
[2024-07-20T19:31:28.770+0000] {logging_mixin.py:188} INFO - [2024-07-20T19:31:28.768+0000] {dagbag.py:355} ERROR - Failed to import: /opt/airflow/dags/pipeline.py
Traceback (most recent call last):
  File "/home/airflow/.local/lib/python3.12/site-packages/airflow/models/dagbag.py", line 351, in parse
    loader.exec_module(new_module)
  File "<frozen importlib._bootstrap_external>", line 995, in exec_module
  File "<frozen importlib._bootstrap>", line 488, in _call_with_frames_removed
  File "/opt/airflow/dags/pipeline.py", line 5, in <module>
    from DAGs.scripts.csv_global_var import _LANDED, _PROCESSED, _CLEANED, _MYSQL_CSVS_DIR, _SQL_TABLES_INIT, _SQL_STAGING, _SQL_TRANSFORM_LOAD, _SQL_UPDATE_VIEW
ModuleNotFoundError: No module named 'DAGs'
[2024-07-20T19:31:28.770+0000] {processor.py:842} WARNING - No viable dags retrieved from /opt/airflow/dags/pipeline.py
[2024-07-20T19:31:28.822+0000] {processor.py:183} INFO - Processing /opt/airflow/dags/pipeline.py took 0.098 seconds
[2024-07-20T19:31:59.016+0000] {processor.py:161} INFO - Started process (PID=780) to work on /opt/airflow/dags/pipeline.py
[2024-07-20T19:31:59.017+0000] {processor.py:830} INFO - Processing file /opt/airflow/dags/pipeline.py for tasks to queue
[2024-07-20T19:31:59.019+0000] {logging_mixin.py:188} INFO - [2024-07-20T19:31:59.018+0000] {dagbag.py:545} INFO - Filling up the DagBag from /opt/airflow/dags/pipeline.py
[2024-07-20T19:31:59.022+0000] {logging_mixin.py:188} INFO - [2024-07-20T19:31:59.021+0000] {dagbag.py:355} ERROR - Failed to import: /opt/airflow/dags/pipeline.py
Traceback (most recent call last):
  File "/home/airflow/.local/lib/python3.12/site-packages/airflow/models/dagbag.py", line 351, in parse
    loader.exec_module(new_module)
  File "<frozen importlib._bootstrap_external>", line 995, in exec_module
  File "<frozen importlib._bootstrap>", line 488, in _call_with_frames_removed
  File "/opt/airflow/dags/pipeline.py", line 5, in <module>
    from DAGs.scripts.csv_global_var import _LANDED, _PROCESSED, _CLEANED, _MYSQL_CSVS_DIR, _SQL_TABLES_INIT, _SQL_STAGING, _SQL_TRANSFORM_LOAD, _SQL_UPDATE_VIEW
ModuleNotFoundError: No module named 'DAGs'
[2024-07-20T19:31:59.023+0000] {processor.py:842} WARNING - No viable dags retrieved from /opt/airflow/dags/pipeline.py
[2024-07-20T19:31:59.077+0000] {processor.py:183} INFO - Processing /opt/airflow/dags/pipeline.py took 0.071 seconds
[2024-07-20T19:32:29.199+0000] {processor.py:161} INFO - Started process (PID=785) to work on /opt/airflow/dags/pipeline.py
[2024-07-20T19:32:29.214+0000] {processor.py:830} INFO - Processing file /opt/airflow/dags/pipeline.py for tasks to queue
[2024-07-20T19:32:29.216+0000] {logging_mixin.py:188} INFO - [2024-07-20T19:32:29.216+0000] {dagbag.py:545} INFO - Filling up the DagBag from /opt/airflow/dags/pipeline.py
[2024-07-20T19:32:29.219+0000] {logging_mixin.py:188} INFO - [2024-07-20T19:32:29.218+0000] {dagbag.py:355} ERROR - Failed to import: /opt/airflow/dags/pipeline.py
Traceback (most recent call last):
  File "/home/airflow/.local/lib/python3.12/site-packages/airflow/models/dagbag.py", line 351, in parse
    loader.exec_module(new_module)
  File "<frozen importlib._bootstrap_external>", line 995, in exec_module
  File "<frozen importlib._bootstrap>", line 488, in _call_with_frames_removed
  File "/opt/airflow/dags/pipeline.py", line 5, in <module>
    from DAGs.scripts.csv_global_var import _LANDED, _PROCESSED, _CLEANED, _MYSQL_CSVS_DIR, _SQL_TABLES_INIT, _SQL_STAGING, _SQL_TRANSFORM_LOAD, _SQL_UPDATE_VIEW
ModuleNotFoundError: No module named 'DAGs'
[2024-07-20T19:32:29.219+0000] {processor.py:842} WARNING - No viable dags retrieved from /opt/airflow/dags/pipeline.py
[2024-07-20T19:32:29.266+0000] {processor.py:183} INFO - Processing /opt/airflow/dags/pipeline.py took 0.072 seconds
[2024-07-20T19:32:59.506+0000] {processor.py:161} INFO - Started process (PID=790) to work on /opt/airflow/dags/pipeline.py
[2024-07-20T19:32:59.507+0000] {processor.py:830} INFO - Processing file /opt/airflow/dags/pipeline.py for tasks to queue
[2024-07-20T19:32:59.508+0000] {logging_mixin.py:188} INFO - [2024-07-20T19:32:59.508+0000] {dagbag.py:545} INFO - Filling up the DagBag from /opt/airflow/dags/pipeline.py
[2024-07-20T19:32:59.511+0000] {logging_mixin.py:188} INFO - [2024-07-20T19:32:59.510+0000] {dagbag.py:355} ERROR - Failed to import: /opt/airflow/dags/pipeline.py
Traceback (most recent call last):
  File "/home/airflow/.local/lib/python3.12/site-packages/airflow/models/dagbag.py", line 351, in parse
    loader.exec_module(new_module)
  File "<frozen importlib._bootstrap_external>", line 995, in exec_module
  File "<frozen importlib._bootstrap>", line 488, in _call_with_frames_removed
  File "/opt/airflow/dags/pipeline.py", line 5, in <module>
    from DAGs.scripts.csv_global_var import _LANDED, _PROCESSED, _CLEANED, _MYSQL_CSVS_DIR, _SQL_TABLES_INIT, _SQL_STAGING, _SQL_TRANSFORM_LOAD, _SQL_UPDATE_VIEW
ModuleNotFoundError: No module named 'DAGs'
[2024-07-20T19:32:59.511+0000] {processor.py:842} WARNING - No viable dags retrieved from /opt/airflow/dags/pipeline.py
[2024-07-20T19:32:59.554+0000] {processor.py:183} INFO - Processing /opt/airflow/dags/pipeline.py took 0.053 seconds
[2024-07-20T19:33:29.700+0000] {processor.py:161} INFO - Started process (PID=795) to work on /opt/airflow/dags/pipeline.py
[2024-07-20T19:33:29.714+0000] {processor.py:830} INFO - Processing file /opt/airflow/dags/pipeline.py for tasks to queue
[2024-07-20T19:33:29.715+0000] {logging_mixin.py:188} INFO - [2024-07-20T19:33:29.715+0000] {dagbag.py:545} INFO - Filling up the DagBag from /opt/airflow/dags/pipeline.py
[2024-07-20T19:33:29.718+0000] {logging_mixin.py:188} INFO - [2024-07-20T19:33:29.717+0000] {dagbag.py:355} ERROR - Failed to import: /opt/airflow/dags/pipeline.py
Traceback (most recent call last):
  File "/home/airflow/.local/lib/python3.12/site-packages/airflow/models/dagbag.py", line 351, in parse
    loader.exec_module(new_module)
  File "<frozen importlib._bootstrap_external>", line 995, in exec_module
  File "<frozen importlib._bootstrap>", line 488, in _call_with_frames_removed
  File "/opt/airflow/dags/pipeline.py", line 5, in <module>
    from DAGs.scripts.csv_global_var import _LANDED, _PROCESSED, _CLEANED, _MYSQL_CSVS_DIR, _SQL_TABLES_INIT, _SQL_STAGING, _SQL_TRANSFORM_LOAD, _SQL_UPDATE_VIEW
ModuleNotFoundError: No module named 'DAGs'
[2024-07-20T19:33:29.719+0000] {processor.py:842} WARNING - No viable dags retrieved from /opt/airflow/dags/pipeline.py
[2024-07-20T19:33:29.754+0000] {processor.py:183} INFO - Processing /opt/airflow/dags/pipeline.py took 0.060 seconds
[2024-07-20T19:33:59.950+0000] {processor.py:161} INFO - Started process (PID=800) to work on /opt/airflow/dags/pipeline.py
[2024-07-20T19:33:59.950+0000] {processor.py:830} INFO - Processing file /opt/airflow/dags/pipeline.py for tasks to queue
[2024-07-20T19:33:59.952+0000] {logging_mixin.py:188} INFO - [2024-07-20T19:33:59.952+0000] {dagbag.py:545} INFO - Filling up the DagBag from /opt/airflow/dags/pipeline.py
[2024-07-20T19:33:59.955+0000] {logging_mixin.py:188} INFO - [2024-07-20T19:33:59.954+0000] {dagbag.py:355} ERROR - Failed to import: /opt/airflow/dags/pipeline.py
Traceback (most recent call last):
  File "/home/airflow/.local/lib/python3.12/site-packages/airflow/models/dagbag.py", line 351, in parse
    loader.exec_module(new_module)
  File "<frozen importlib._bootstrap_external>", line 995, in exec_module
  File "<frozen importlib._bootstrap>", line 488, in _call_with_frames_removed
  File "/opt/airflow/dags/pipeline.py", line 5, in <module>
    from DAGs.scripts.csv_global_var import _LANDED, _PROCESSED, _CLEANED, _MYSQL_CSVS_DIR, _SQL_TABLES_INIT, _SQL_STAGING, _SQL_TRANSFORM_LOAD, _SQL_UPDATE_VIEW
ModuleNotFoundError: No module named 'DAGs'
[2024-07-20T19:33:59.955+0000] {processor.py:842} WARNING - No viable dags retrieved from /opt/airflow/dags/pipeline.py
[2024-07-20T19:33:59.999+0000] {processor.py:183} INFO - Processing /opt/airflow/dags/pipeline.py took 0.054 seconds
[2024-07-20T19:34:30.160+0000] {processor.py:161} INFO - Started process (PID=805) to work on /opt/airflow/dags/pipeline.py
[2024-07-20T19:34:30.180+0000] {processor.py:830} INFO - Processing file /opt/airflow/dags/pipeline.py for tasks to queue
[2024-07-20T19:34:30.182+0000] {logging_mixin.py:188} INFO - [2024-07-20T19:34:30.181+0000] {dagbag.py:545} INFO - Filling up the DagBag from /opt/airflow/dags/pipeline.py
[2024-07-20T19:34:30.185+0000] {logging_mixin.py:188} INFO - [2024-07-20T19:34:30.184+0000] {dagbag.py:355} ERROR - Failed to import: /opt/airflow/dags/pipeline.py
Traceback (most recent call last):
  File "/home/airflow/.local/lib/python3.12/site-packages/airflow/models/dagbag.py", line 351, in parse
    loader.exec_module(new_module)
  File "<frozen importlib._bootstrap_external>", line 995, in exec_module
  File "<frozen importlib._bootstrap>", line 488, in _call_with_frames_removed
  File "/opt/airflow/dags/pipeline.py", line 5, in <module>
    from DAGs.scripts.csv_global_var import _LANDED, _PROCESSED, _CLEANED, _MYSQL_CSVS_DIR, _SQL_TABLES_INIT, _SQL_STAGING, _SQL_TRANSFORM_LOAD, _SQL_UPDATE_VIEW
ModuleNotFoundError: No module named 'DAGs'
[2024-07-20T19:34:30.186+0000] {processor.py:842} WARNING - No viable dags retrieved from /opt/airflow/dags/pipeline.py
[2024-07-20T19:34:30.220+0000] {processor.py:183} INFO - Processing /opt/airflow/dags/pipeline.py took 0.067 seconds
[2024-07-20T19:35:00.364+0000] {processor.py:161} INFO - Started process (PID=810) to work on /opt/airflow/dags/pipeline.py
[2024-07-20T19:35:00.365+0000] {processor.py:830} INFO - Processing file /opt/airflow/dags/pipeline.py for tasks to queue
[2024-07-20T19:35:00.367+0000] {logging_mixin.py:188} INFO - [2024-07-20T19:35:00.366+0000] {dagbag.py:545} INFO - Filling up the DagBag from /opt/airflow/dags/pipeline.py
[2024-07-20T19:35:00.370+0000] {logging_mixin.py:188} INFO - [2024-07-20T19:35:00.369+0000] {dagbag.py:355} ERROR - Failed to import: /opt/airflow/dags/pipeline.py
Traceback (most recent call last):
  File "/home/airflow/.local/lib/python3.12/site-packages/airflow/models/dagbag.py", line 351, in parse
    loader.exec_module(new_module)
  File "<frozen importlib._bootstrap_external>", line 995, in exec_module
  File "<frozen importlib._bootstrap>", line 488, in _call_with_frames_removed
  File "/opt/airflow/dags/pipeline.py", line 5, in <module>
    from DAGs.scripts.csv_global_var import _LANDED, _PROCESSED, _CLEANED, _MYSQL_CSVS_DIR, _SQL_TABLES_INIT, _SQL_STAGING, _SQL_TRANSFORM_LOAD, _SQL_UPDATE_VIEW
ModuleNotFoundError: No module named 'DAGs'
[2024-07-20T19:35:00.371+0000] {processor.py:842} WARNING - No viable dags retrieved from /opt/airflow/dags/pipeline.py
[2024-07-20T19:35:00.409+0000] {processor.py:183} INFO - Processing /opt/airflow/dags/pipeline.py took 0.051 seconds
[2024-07-20T19:35:30.648+0000] {processor.py:161} INFO - Started process (PID=815) to work on /opt/airflow/dags/pipeline.py
[2024-07-20T19:35:30.669+0000] {processor.py:830} INFO - Processing file /opt/airflow/dags/pipeline.py for tasks to queue
[2024-07-20T19:35:30.674+0000] {logging_mixin.py:188} INFO - [2024-07-20T19:35:30.673+0000] {dagbag.py:545} INFO - Filling up the DagBag from /opt/airflow/dags/pipeline.py
[2024-07-20T19:35:30.684+0000] {logging_mixin.py:188} INFO - [2024-07-20T19:35:30.678+0000] {dagbag.py:355} ERROR - Failed to import: /opt/airflow/dags/pipeline.py
Traceback (most recent call last):
  File "/home/airflow/.local/lib/python3.12/site-packages/airflow/models/dagbag.py", line 351, in parse
    loader.exec_module(new_module)
  File "<frozen importlib._bootstrap_external>", line 995, in exec_module
  File "<frozen importlib._bootstrap>", line 488, in _call_with_frames_removed
  File "/opt/airflow/dags/pipeline.py", line 5, in <module>
    from DAGs.scripts.csv_global_var import _LANDED, _PROCESSED, _CLEANED, _MYSQL_CSVS_DIR, _SQL_TABLES_INIT, _SQL_STAGING, _SQL_TRANSFORM_LOAD, _SQL_UPDATE_VIEW
ModuleNotFoundError: No module named 'DAGs'
[2024-07-20T19:35:30.685+0000] {processor.py:842} WARNING - No viable dags retrieved from /opt/airflow/dags/pipeline.py
[2024-07-20T19:35:30.743+0000] {processor.py:183} INFO - Processing /opt/airflow/dags/pipeline.py took 0.109 seconds
[2024-07-20T19:36:00.864+0000] {processor.py:161} INFO - Started process (PID=820) to work on /opt/airflow/dags/pipeline.py
[2024-07-20T19:36:00.865+0000] {processor.py:830} INFO - Processing file /opt/airflow/dags/pipeline.py for tasks to queue
[2024-07-20T19:36:00.867+0000] {logging_mixin.py:188} INFO - [2024-07-20T19:36:00.866+0000] {dagbag.py:545} INFO - Filling up the DagBag from /opt/airflow/dags/pipeline.py
[2024-07-20T19:36:00.870+0000] {logging_mixin.py:188} INFO - [2024-07-20T19:36:00.869+0000] {dagbag.py:355} ERROR - Failed to import: /opt/airflow/dags/pipeline.py
Traceback (most recent call last):
  File "/home/airflow/.local/lib/python3.12/site-packages/airflow/models/dagbag.py", line 351, in parse
    loader.exec_module(new_module)
  File "<frozen importlib._bootstrap_external>", line 995, in exec_module
  File "<frozen importlib._bootstrap>", line 488, in _call_with_frames_removed
  File "/opt/airflow/dags/pipeline.py", line 5, in <module>
    from DAGs.scripts.csv_global_var import _LANDED, _PROCESSED, _CLEANED, _MYSQL_CSVS_DIR, _SQL_TABLES_INIT, _SQL_STAGING, _SQL_TRANSFORM_LOAD, _SQL_UPDATE_VIEW
ModuleNotFoundError: No module named 'DAGs'
[2024-07-20T19:36:00.870+0000] {processor.py:842} WARNING - No viable dags retrieved from /opt/airflow/dags/pipeline.py
[2024-07-20T19:36:00.920+0000] {processor.py:183} INFO - Processing /opt/airflow/dags/pipeline.py took 0.062 seconds
[2024-07-20T19:36:31.135+0000] {processor.py:161} INFO - Started process (PID=825) to work on /opt/airflow/dags/pipeline.py
[2024-07-20T19:36:31.147+0000] {processor.py:830} INFO - Processing file /opt/airflow/dags/pipeline.py for tasks to queue
[2024-07-20T19:36:31.148+0000] {logging_mixin.py:188} INFO - [2024-07-20T19:36:31.148+0000] {dagbag.py:545} INFO - Filling up the DagBag from /opt/airflow/dags/pipeline.py
[2024-07-20T19:36:31.152+0000] {logging_mixin.py:188} INFO - [2024-07-20T19:36:31.151+0000] {dagbag.py:355} ERROR - Failed to import: /opt/airflow/dags/pipeline.py
Traceback (most recent call last):
  File "/home/airflow/.local/lib/python3.12/site-packages/airflow/models/dagbag.py", line 351, in parse
    loader.exec_module(new_module)
  File "<frozen importlib._bootstrap_external>", line 995, in exec_module
  File "<frozen importlib._bootstrap>", line 488, in _call_with_frames_removed
  File "/opt/airflow/dags/pipeline.py", line 5, in <module>
    from DAGs.scripts.csv_global_var import _LANDED, _PROCESSED, _CLEANED, _MYSQL_CSVS_DIR, _SQL_TABLES_INIT, _SQL_STAGING, _SQL_TRANSFORM_LOAD, _SQL_UPDATE_VIEW
ModuleNotFoundError: No module named 'DAGs'
[2024-07-20T19:36:31.153+0000] {processor.py:842} WARNING - No viable dags retrieved from /opt/airflow/dags/pipeline.py
[2024-07-20T19:36:31.187+0000] {processor.py:183} INFO - Processing /opt/airflow/dags/pipeline.py took 0.059 seconds
[2024-07-20T19:37:01.357+0000] {processor.py:161} INFO - Started process (PID=830) to work on /opt/airflow/dags/pipeline.py
[2024-07-20T19:37:01.358+0000] {processor.py:830} INFO - Processing file /opt/airflow/dags/pipeline.py for tasks to queue
[2024-07-20T19:37:01.359+0000] {logging_mixin.py:188} INFO - [2024-07-20T19:37:01.359+0000] {dagbag.py:545} INFO - Filling up the DagBag from /opt/airflow/dags/pipeline.py
[2024-07-20T19:37:01.363+0000] {logging_mixin.py:188} INFO - [2024-07-20T19:37:01.362+0000] {dagbag.py:355} ERROR - Failed to import: /opt/airflow/dags/pipeline.py
Traceback (most recent call last):
  File "/home/airflow/.local/lib/python3.12/site-packages/airflow/models/dagbag.py", line 351, in parse
    loader.exec_module(new_module)
  File "<frozen importlib._bootstrap_external>", line 995, in exec_module
  File "<frozen importlib._bootstrap>", line 488, in _call_with_frames_removed
  File "/opt/airflow/dags/pipeline.py", line 5, in <module>
    from DAGs.scripts.csv_global_var import _LANDED, _PROCESSED, _CLEANED, _MYSQL_CSVS_DIR, _SQL_TABLES_INIT, _SQL_STAGING, _SQL_TRANSFORM_LOAD, _SQL_UPDATE_VIEW
ModuleNotFoundError: No module named 'DAGs'
[2024-07-20T19:37:01.364+0000] {processor.py:842} WARNING - No viable dags retrieved from /opt/airflow/dags/pipeline.py
[2024-07-20T19:37:01.410+0000] {processor.py:183} INFO - Processing /opt/airflow/dags/pipeline.py took 0.060 seconds
[2024-07-20T19:37:31.565+0000] {processor.py:161} INFO - Started process (PID=835) to work on /opt/airflow/dags/pipeline.py
[2024-07-20T19:37:31.566+0000] {processor.py:830} INFO - Processing file /opt/airflow/dags/pipeline.py for tasks to queue
[2024-07-20T19:37:31.568+0000] {logging_mixin.py:188} INFO - [2024-07-20T19:37:31.567+0000] {dagbag.py:545} INFO - Filling up the DagBag from /opt/airflow/dags/pipeline.py
[2024-07-20T19:37:31.571+0000] {logging_mixin.py:188} INFO - [2024-07-20T19:37:31.570+0000] {dagbag.py:355} ERROR - Failed to import: /opt/airflow/dags/pipeline.py
Traceback (most recent call last):
  File "/home/airflow/.local/lib/python3.12/site-packages/airflow/models/dagbag.py", line 351, in parse
    loader.exec_module(new_module)
  File "<frozen importlib._bootstrap_external>", line 995, in exec_module
  File "<frozen importlib._bootstrap>", line 488, in _call_with_frames_removed
  File "/opt/airflow/dags/pipeline.py", line 5, in <module>
    from DAGs.scripts.csv_global_var import _LANDED, _PROCESSED, _CLEANED, _MYSQL_CSVS_DIR, _SQL_TABLES_INIT, _SQL_STAGING, _SQL_TRANSFORM_LOAD, _SQL_UPDATE_VIEW
ModuleNotFoundError: No module named 'DAGs'
[2024-07-20T19:37:31.572+0000] {processor.py:842} WARNING - No viable dags retrieved from /opt/airflow/dags/pipeline.py
[2024-07-20T19:37:31.621+0000] {processor.py:183} INFO - Processing /opt/airflow/dags/pipeline.py took 0.061 seconds
[2024-07-20T19:38:01.798+0000] {processor.py:161} INFO - Started process (PID=840) to work on /opt/airflow/dags/pipeline.py
[2024-07-20T19:38:01.798+0000] {processor.py:830} INFO - Processing file /opt/airflow/dags/pipeline.py for tasks to queue
[2024-07-20T19:38:01.803+0000] {logging_mixin.py:188} INFO - [2024-07-20T19:38:01.802+0000] {dagbag.py:545} INFO - Filling up the DagBag from /opt/airflow/dags/pipeline.py
[2024-07-20T19:38:01.813+0000] {logging_mixin.py:188} INFO - [2024-07-20T19:38:01.810+0000] {dagbag.py:355} ERROR - Failed to import: /opt/airflow/dags/pipeline.py
Traceback (most recent call last):
  File "/home/airflow/.local/lib/python3.12/site-packages/airflow/models/dagbag.py", line 351, in parse
    loader.exec_module(new_module)
  File "<frozen importlib._bootstrap_external>", line 995, in exec_module
  File "<frozen importlib._bootstrap>", line 488, in _call_with_frames_removed
  File "/opt/airflow/dags/pipeline.py", line 5, in <module>
    from DAGs.scripts.csv_global_var import _LANDED, _PROCESSED, _CLEANED, _MYSQL_CSVS_DIR, _SQL_TABLES_INIT, _SQL_STAGING, _SQL_TRANSFORM_LOAD, _SQL_UPDATE_VIEW
ModuleNotFoundError: No module named 'DAGs'
[2024-07-20T19:38:01.813+0000] {processor.py:842} WARNING - No viable dags retrieved from /opt/airflow/dags/pipeline.py
[2024-07-20T19:38:01.866+0000] {processor.py:183} INFO - Processing /opt/airflow/dags/pipeline.py took 0.082 seconds
[2024-07-20T19:38:32.020+0000] {processor.py:161} INFO - Started process (PID=845) to work on /opt/airflow/dags/pipeline.py
[2024-07-20T19:38:32.037+0000] {processor.py:830} INFO - Processing file /opt/airflow/dags/pipeline.py for tasks to queue
[2024-07-20T19:38:32.039+0000] {logging_mixin.py:188} INFO - [2024-07-20T19:38:32.039+0000] {dagbag.py:545} INFO - Filling up the DagBag from /opt/airflow/dags/pipeline.py
[2024-07-20T19:38:32.043+0000] {logging_mixin.py:188} INFO - [2024-07-20T19:38:32.041+0000] {dagbag.py:355} ERROR - Failed to import: /opt/airflow/dags/pipeline.py
Traceback (most recent call last):
  File "/home/airflow/.local/lib/python3.12/site-packages/airflow/models/dagbag.py", line 351, in parse
    loader.exec_module(new_module)
  File "<frozen importlib._bootstrap_external>", line 995, in exec_module
  File "<frozen importlib._bootstrap>", line 488, in _call_with_frames_removed
  File "/opt/airflow/dags/pipeline.py", line 5, in <module>
    from DAGs.scripts.csv_global_var import _LANDED, _PROCESSED, _CLEANED, _MYSQL_CSVS_DIR, _SQL_TABLES_INIT, _SQL_STAGING, _SQL_TRANSFORM_LOAD, _SQL_UPDATE_VIEW
ModuleNotFoundError: No module named 'DAGs'
[2024-07-20T19:38:32.044+0000] {processor.py:842} WARNING - No viable dags retrieved from /opt/airflow/dags/pipeline.py
[2024-07-20T19:38:32.078+0000] {processor.py:183} INFO - Processing /opt/airflow/dags/pipeline.py took 0.065 seconds
[2024-07-20T19:39:02.261+0000] {processor.py:161} INFO - Started process (PID=850) to work on /opt/airflow/dags/pipeline.py
[2024-07-20T19:39:02.262+0000] {processor.py:830} INFO - Processing file /opt/airflow/dags/pipeline.py for tasks to queue
[2024-07-20T19:39:02.271+0000] {logging_mixin.py:188} INFO - [2024-07-20T19:39:02.268+0000] {dagbag.py:545} INFO - Filling up the DagBag from /opt/airflow/dags/pipeline.py
[2024-07-20T19:39:02.280+0000] {logging_mixin.py:188} INFO - [2024-07-20T19:39:02.278+0000] {dagbag.py:355} ERROR - Failed to import: /opt/airflow/dags/pipeline.py
Traceback (most recent call last):
  File "/home/airflow/.local/lib/python3.12/site-packages/airflow/models/dagbag.py", line 351, in parse
    loader.exec_module(new_module)
  File "<frozen importlib._bootstrap_external>", line 995, in exec_module
  File "<frozen importlib._bootstrap>", line 488, in _call_with_frames_removed
  File "/opt/airflow/dags/pipeline.py", line 5, in <module>
    from DAGs.scripts.csv_global_var import _LANDED, _PROCESSED, _CLEANED, _MYSQL_CSVS_DIR, _SQL_TABLES_INIT, _SQL_STAGING, _SQL_TRANSFORM_LOAD, _SQL_UPDATE_VIEW
ModuleNotFoundError: No module named 'DAGs'
[2024-07-20T19:39:02.281+0000] {processor.py:842} WARNING - No viable dags retrieved from /opt/airflow/dags/pipeline.py
[2024-07-20T19:39:02.334+0000] {processor.py:183} INFO - Processing /opt/airflow/dags/pipeline.py took 0.084 seconds
[2024-07-20T19:39:32.477+0000] {processor.py:161} INFO - Started process (PID=855) to work on /opt/airflow/dags/pipeline.py
[2024-07-20T19:39:32.493+0000] {processor.py:830} INFO - Processing file /opt/airflow/dags/pipeline.py for tasks to queue
[2024-07-20T19:39:32.495+0000] {logging_mixin.py:188} INFO - [2024-07-20T19:39:32.495+0000] {dagbag.py:545} INFO - Filling up the DagBag from /opt/airflow/dags/pipeline.py
[2024-07-20T19:39:32.506+0000] {logging_mixin.py:188} INFO - [2024-07-20T19:39:32.502+0000] {dagbag.py:355} ERROR - Failed to import: /opt/airflow/dags/pipeline.py
Traceback (most recent call last):
  File "/home/airflow/.local/lib/python3.12/site-packages/airflow/models/dagbag.py", line 351, in parse
    loader.exec_module(new_module)
  File "<frozen importlib._bootstrap_external>", line 995, in exec_module
  File "<frozen importlib._bootstrap>", line 488, in _call_with_frames_removed
  File "/opt/airflow/dags/pipeline.py", line 5, in <module>
    from DAGs.scripts.csv_global_var import _LANDED, _PROCESSED, _CLEANED, _MYSQL_CSVS_DIR, _SQL_TABLES_INIT, _SQL_STAGING, _SQL_TRANSFORM_LOAD, _SQL_UPDATE_VIEW
ModuleNotFoundError: No module named 'DAGs'
[2024-07-20T19:39:32.507+0000] {processor.py:842} WARNING - No viable dags retrieved from /opt/airflow/dags/pipeline.py
[2024-07-20T19:39:32.546+0000] {processor.py:183} INFO - Processing /opt/airflow/dags/pipeline.py took 0.076 seconds
[2024-07-20T19:40:02.720+0000] {processor.py:161} INFO - Started process (PID=860) to work on /opt/airflow/dags/pipeline.py
[2024-07-20T19:40:02.721+0000] {processor.py:830} INFO - Processing file /opt/airflow/dags/pipeline.py for tasks to queue
[2024-07-20T19:40:02.722+0000] {logging_mixin.py:188} INFO - [2024-07-20T19:40:02.722+0000] {dagbag.py:545} INFO - Filling up the DagBag from /opt/airflow/dags/pipeline.py
[2024-07-20T19:40:02.726+0000] {logging_mixin.py:188} INFO - [2024-07-20T19:40:02.725+0000] {dagbag.py:355} ERROR - Failed to import: /opt/airflow/dags/pipeline.py
Traceback (most recent call last):
  File "/home/airflow/.local/lib/python3.12/site-packages/airflow/models/dagbag.py", line 351, in parse
    loader.exec_module(new_module)
  File "<frozen importlib._bootstrap_external>", line 995, in exec_module
  File "<frozen importlib._bootstrap>", line 488, in _call_with_frames_removed
  File "/opt/airflow/dags/pipeline.py", line 5, in <module>
    from DAGs.scripts.csv_global_var import _LANDED, _PROCESSED, _CLEANED, _MYSQL_CSVS_DIR, _SQL_TABLES_INIT, _SQL_STAGING, _SQL_TRANSFORM_LOAD, _SQL_UPDATE_VIEW
ModuleNotFoundError: No module named 'DAGs'
[2024-07-20T19:40:02.726+0000] {processor.py:842} WARNING - No viable dags retrieved from /opt/airflow/dags/pipeline.py
[2024-07-20T19:40:02.769+0000] {processor.py:183} INFO - Processing /opt/airflow/dags/pipeline.py took 0.055 seconds
[2024-07-20T19:40:32.941+0000] {processor.py:161} INFO - Started process (PID=865) to work on /opt/airflow/dags/pipeline.py
[2024-07-20T19:40:32.942+0000] {processor.py:830} INFO - Processing file /opt/airflow/dags/pipeline.py for tasks to queue
[2024-07-20T19:40:32.944+0000] {logging_mixin.py:188} INFO - [2024-07-20T19:40:32.943+0000] {dagbag.py:545} INFO - Filling up the DagBag from /opt/airflow/dags/pipeline.py
[2024-07-20T19:40:32.948+0000] {logging_mixin.py:188} INFO - [2024-07-20T19:40:32.946+0000] {dagbag.py:355} ERROR - Failed to import: /opt/airflow/dags/pipeline.py
Traceback (most recent call last):
  File "/home/airflow/.local/lib/python3.12/site-packages/airflow/models/dagbag.py", line 351, in parse
    loader.exec_module(new_module)
  File "<frozen importlib._bootstrap_external>", line 995, in exec_module
  File "<frozen importlib._bootstrap>", line 488, in _call_with_frames_removed
  File "/opt/airflow/dags/pipeline.py", line 5, in <module>
    from DAGs.scripts.csv_global_var import _LANDED, _PROCESSED, _CLEANED, _MYSQL_CSVS_DIR, _SQL_TABLES_INIT, _SQL_STAGING, _SQL_TRANSFORM_LOAD, _SQL_UPDATE_VIEW
ModuleNotFoundError: No module named 'DAGs'
[2024-07-20T19:40:32.948+0000] {processor.py:842} WARNING - No viable dags retrieved from /opt/airflow/dags/pipeline.py
[2024-07-20T19:40:32.993+0000] {processor.py:183} INFO - Processing /opt/airflow/dags/pipeline.py took 0.059 seconds
[2024-07-20T19:41:03.224+0000] {processor.py:161} INFO - Started process (PID=870) to work on /opt/airflow/dags/pipeline.py
[2024-07-20T19:41:03.226+0000] {processor.py:830} INFO - Processing file /opt/airflow/dags/pipeline.py for tasks to queue
[2024-07-20T19:41:03.229+0000] {logging_mixin.py:188} INFO - [2024-07-20T19:41:03.228+0000] {dagbag.py:545} INFO - Filling up the DagBag from /opt/airflow/dags/pipeline.py
[2024-07-20T19:41:03.236+0000] {logging_mixin.py:188} INFO - [2024-07-20T19:41:03.235+0000] {dagbag.py:355} ERROR - Failed to import: /opt/airflow/dags/pipeline.py
Traceback (most recent call last):
  File "/home/airflow/.local/lib/python3.12/site-packages/airflow/models/dagbag.py", line 351, in parse
    loader.exec_module(new_module)
  File "<frozen importlib._bootstrap_external>", line 995, in exec_module
  File "<frozen importlib._bootstrap>", line 488, in _call_with_frames_removed
  File "/opt/airflow/dags/pipeline.py", line 5, in <module>
    from DAGs.scripts.csv_global_var import _LANDED, _PROCESSED, _CLEANED, _MYSQL_CSVS_DIR, _SQL_TABLES_INIT, _SQL_STAGING, _SQL_TRANSFORM_LOAD, _SQL_UPDATE_VIEW
ModuleNotFoundError: No module named 'DAGs'
[2024-07-20T19:41:03.238+0000] {processor.py:842} WARNING - No viable dags retrieved from /opt/airflow/dags/pipeline.py
[2024-07-20T19:41:03.294+0000] {processor.py:183} INFO - Processing /opt/airflow/dags/pipeline.py took 0.084 seconds
[2024-07-20T19:41:33.427+0000] {processor.py:161} INFO - Started process (PID=875) to work on /opt/airflow/dags/pipeline.py
[2024-07-20T19:41:33.462+0000] {processor.py:830} INFO - Processing file /opt/airflow/dags/pipeline.py for tasks to queue
[2024-07-20T19:41:33.464+0000] {logging_mixin.py:188} INFO - [2024-07-20T19:41:33.464+0000] {dagbag.py:545} INFO - Filling up the DagBag from /opt/airflow/dags/pipeline.py
[2024-07-20T19:41:33.470+0000] {logging_mixin.py:188} INFO - [2024-07-20T19:41:33.466+0000] {dagbag.py:355} ERROR - Failed to import: /opt/airflow/dags/pipeline.py
Traceback (most recent call last):
  File "/home/airflow/.local/lib/python3.12/site-packages/airflow/models/dagbag.py", line 351, in parse
    loader.exec_module(new_module)
  File "<frozen importlib._bootstrap_external>", line 995, in exec_module
  File "<frozen importlib._bootstrap>", line 488, in _call_with_frames_removed
  File "/opt/airflow/dags/pipeline.py", line 5, in <module>
    from DAGs.scripts.csv_global_var import _LANDED, _PROCESSED, _CLEANED, _MYSQL_CSVS_DIR, _SQL_TABLES_INIT, _SQL_STAGING, _SQL_TRANSFORM_LOAD, _SQL_UPDATE_VIEW
ModuleNotFoundError: No module named 'DAGs'
[2024-07-20T19:41:33.472+0000] {processor.py:842} WARNING - No viable dags retrieved from /opt/airflow/dags/pipeline.py
[2024-07-20T19:41:33.540+0000] {processor.py:183} INFO - Processing /opt/airflow/dags/pipeline.py took 0.119 seconds
[2024-07-20T19:42:03.684+0000] {processor.py:161} INFO - Started process (PID=880) to work on /opt/airflow/dags/pipeline.py
[2024-07-20T19:42:03.685+0000] {processor.py:830} INFO - Processing file /opt/airflow/dags/pipeline.py for tasks to queue
[2024-07-20T19:42:03.686+0000] {logging_mixin.py:188} INFO - [2024-07-20T19:42:03.686+0000] {dagbag.py:545} INFO - Filling up the DagBag from /opt/airflow/dags/pipeline.py
[2024-07-20T19:42:03.689+0000] {logging_mixin.py:188} INFO - [2024-07-20T19:42:03.688+0000] {dagbag.py:355} ERROR - Failed to import: /opt/airflow/dags/pipeline.py
Traceback (most recent call last):
  File "/home/airflow/.local/lib/python3.12/site-packages/airflow/models/dagbag.py", line 351, in parse
    loader.exec_module(new_module)
  File "<frozen importlib._bootstrap_external>", line 995, in exec_module
  File "<frozen importlib._bootstrap>", line 488, in _call_with_frames_removed
  File "/opt/airflow/dags/pipeline.py", line 5, in <module>
    from DAGs.scripts.csv_global_var import _LANDED, _PROCESSED, _CLEANED, _MYSQL_CSVS_DIR, _SQL_TABLES_INIT, _SQL_STAGING, _SQL_TRANSFORM_LOAD, _SQL_UPDATE_VIEW
ModuleNotFoundError: No module named 'DAGs'
[2024-07-20T19:42:03.690+0000] {processor.py:842} WARNING - No viable dags retrieved from /opt/airflow/dags/pipeline.py
[2024-07-20T19:42:03.728+0000] {processor.py:183} INFO - Processing /opt/airflow/dags/pipeline.py took 0.049 seconds
[2024-07-20T19:42:33.934+0000] {processor.py:161} INFO - Started process (PID=885) to work on /opt/airflow/dags/pipeline.py
[2024-07-20T19:42:33.936+0000] {processor.py:830} INFO - Processing file /opt/airflow/dags/pipeline.py for tasks to queue
[2024-07-20T19:42:33.940+0000] {logging_mixin.py:188} INFO - [2024-07-20T19:42:33.938+0000] {dagbag.py:545} INFO - Filling up the DagBag from /opt/airflow/dags/pipeline.py
[2024-07-20T19:42:33.951+0000] {logging_mixin.py:188} INFO - [2024-07-20T19:42:33.946+0000] {dagbag.py:355} ERROR - Failed to import: /opt/airflow/dags/pipeline.py
Traceback (most recent call last):
  File "/home/airflow/.local/lib/python3.12/site-packages/airflow/models/dagbag.py", line 351, in parse
    loader.exec_module(new_module)
  File "<frozen importlib._bootstrap_external>", line 995, in exec_module
  File "<frozen importlib._bootstrap>", line 488, in _call_with_frames_removed
  File "/opt/airflow/dags/pipeline.py", line 5, in <module>
    from DAGs.scripts.csv_global_var import _LANDED, _PROCESSED, _CLEANED, _MYSQL_CSVS_DIR, _SQL_TABLES_INIT, _SQL_STAGING, _SQL_TRANSFORM_LOAD, _SQL_UPDATE_VIEW
ModuleNotFoundError: No module named 'DAGs'
[2024-07-20T19:42:33.952+0000] {processor.py:842} WARNING - No viable dags retrieved from /opt/airflow/dags/pipeline.py
[2024-07-20T19:42:34.019+0000] {processor.py:183} INFO - Processing /opt/airflow/dags/pipeline.py took 0.097 seconds
[2024-07-20T19:43:04.167+0000] {processor.py:161} INFO - Started process (PID=890) to work on /opt/airflow/dags/pipeline.py
[2024-07-20T19:43:04.168+0000] {processor.py:830} INFO - Processing file /opt/airflow/dags/pipeline.py for tasks to queue
[2024-07-20T19:43:04.169+0000] {logging_mixin.py:188} INFO - [2024-07-20T19:43:04.169+0000] {dagbag.py:545} INFO - Filling up the DagBag from /opt/airflow/dags/pipeline.py
[2024-07-20T19:43:04.172+0000] {logging_mixin.py:188} INFO - [2024-07-20T19:43:04.171+0000] {dagbag.py:355} ERROR - Failed to import: /opt/airflow/dags/pipeline.py
Traceback (most recent call last):
  File "/home/airflow/.local/lib/python3.12/site-packages/airflow/models/dagbag.py", line 351, in parse
    loader.exec_module(new_module)
  File "<frozen importlib._bootstrap_external>", line 995, in exec_module
  File "<frozen importlib._bootstrap>", line 488, in _call_with_frames_removed
  File "/opt/airflow/dags/pipeline.py", line 5, in <module>
    from DAGs.scripts.csv_global_var import _LANDED, _PROCESSED, _CLEANED, _MYSQL_CSVS_DIR, _SQL_TABLES_INIT, _SQL_STAGING, _SQL_TRANSFORM_LOAD, _SQL_UPDATE_VIEW
ModuleNotFoundError: No module named 'DAGs'
[2024-07-20T19:43:04.172+0000] {processor.py:842} WARNING - No viable dags retrieved from /opt/airflow/dags/pipeline.py
[2024-07-20T19:43:04.208+0000] {processor.py:183} INFO - Processing /opt/airflow/dags/pipeline.py took 0.046 seconds
[2024-07-20T19:43:34.441+0000] {processor.py:161} INFO - Started process (PID=895) to work on /opt/airflow/dags/pipeline.py
[2024-07-20T19:43:34.467+0000] {processor.py:830} INFO - Processing file /opt/airflow/dags/pipeline.py for tasks to queue
[2024-07-20T19:43:34.472+0000] {logging_mixin.py:188} INFO - [2024-07-20T19:43:34.471+0000] {dagbag.py:545} INFO - Filling up the DagBag from /opt/airflow/dags/pipeline.py
[2024-07-20T19:43:34.480+0000] {logging_mixin.py:188} INFO - [2024-07-20T19:43:34.477+0000] {dagbag.py:355} ERROR - Failed to import: /opt/airflow/dags/pipeline.py
Traceback (most recent call last):
  File "/home/airflow/.local/lib/python3.12/site-packages/airflow/models/dagbag.py", line 351, in parse
    loader.exec_module(new_module)
  File "<frozen importlib._bootstrap_external>", line 995, in exec_module
  File "<frozen importlib._bootstrap>", line 488, in _call_with_frames_removed
  File "/opt/airflow/dags/pipeline.py", line 5, in <module>
    from DAGs.scripts.csv_global_var import _LANDED, _PROCESSED, _CLEANED, _MYSQL_CSVS_DIR, _SQL_TABLES_INIT, _SQL_STAGING, _SQL_TRANSFORM_LOAD, _SQL_UPDATE_VIEW
ModuleNotFoundError: No module named 'DAGs'
[2024-07-20T19:43:34.481+0000] {processor.py:842} WARNING - No viable dags retrieved from /opt/airflow/dags/pipeline.py
[2024-07-20T19:43:34.620+0000] {processor.py:183} INFO - Processing /opt/airflow/dags/pipeline.py took 0.194 seconds
[2024-07-20T19:44:04.672+0000] {processor.py:161} INFO - Started process (PID=900) to work on /opt/airflow/dags/pipeline.py
[2024-07-20T19:44:04.672+0000] {processor.py:830} INFO - Processing file /opt/airflow/dags/pipeline.py for tasks to queue
[2024-07-20T19:44:04.674+0000] {logging_mixin.py:188} INFO - [2024-07-20T19:44:04.674+0000] {dagbag.py:545} INFO - Filling up the DagBag from /opt/airflow/dags/pipeline.py
[2024-07-20T19:44:04.677+0000] {logging_mixin.py:188} INFO - [2024-07-20T19:44:04.676+0000] {dagbag.py:355} ERROR - Failed to import: /opt/airflow/dags/pipeline.py
Traceback (most recent call last):
  File "/home/airflow/.local/lib/python3.12/site-packages/airflow/models/dagbag.py", line 351, in parse
    loader.exec_module(new_module)
  File "<frozen importlib._bootstrap_external>", line 995, in exec_module
  File "<frozen importlib._bootstrap>", line 488, in _call_with_frames_removed
  File "/opt/airflow/dags/pipeline.py", line 5, in <module>
    from DAGs.scripts.csv_global_var import _LANDED, _PROCESSED, _CLEANED, _MYSQL_CSVS_DIR, _SQL_TABLES_INIT, _SQL_STAGING, _SQL_TRANSFORM_LOAD, _SQL_UPDATE_VIEW
ModuleNotFoundError: No module named 'DAGs'
[2024-07-20T19:44:04.677+0000] {processor.py:842} WARNING - No viable dags retrieved from /opt/airflow/dags/pipeline.py
[2024-07-20T19:44:04.767+0000] {processor.py:183} INFO - Processing /opt/airflow/dags/pipeline.py took 0.100 seconds
[2024-07-20T19:44:34.913+0000] {processor.py:161} INFO - Started process (PID=905) to work on /opt/airflow/dags/pipeline.py
[2024-07-20T19:44:34.934+0000] {processor.py:830} INFO - Processing file /opt/airflow/dags/pipeline.py for tasks to queue
[2024-07-20T19:44:34.936+0000] {logging_mixin.py:188} INFO - [2024-07-20T19:44:34.935+0000] {dagbag.py:545} INFO - Filling up the DagBag from /opt/airflow/dags/pipeline.py
[2024-07-20T19:44:34.939+0000] {logging_mixin.py:188} INFO - [2024-07-20T19:44:34.938+0000] {dagbag.py:355} ERROR - Failed to import: /opt/airflow/dags/pipeline.py
Traceback (most recent call last):
  File "/home/airflow/.local/lib/python3.12/site-packages/airflow/models/dagbag.py", line 351, in parse
    loader.exec_module(new_module)
  File "<frozen importlib._bootstrap_external>", line 995, in exec_module
  File "<frozen importlib._bootstrap>", line 488, in _call_with_frames_removed
  File "/opt/airflow/dags/pipeline.py", line 5, in <module>
    from DAGs.scripts.csv_global_var import _LANDED, _PROCESSED, _CLEANED, _MYSQL_CSVS_DIR, _SQL_TABLES_INIT, _SQL_STAGING, _SQL_TRANSFORM_LOAD, _SQL_UPDATE_VIEW
ModuleNotFoundError: No module named 'DAGs'
[2024-07-20T19:44:34.940+0000] {processor.py:842} WARNING - No viable dags retrieved from /opt/airflow/dags/pipeline.py
[2024-07-20T19:44:34.977+0000] {processor.py:183} INFO - Processing /opt/airflow/dags/pipeline.py took 0.071 seconds
[2024-07-20T19:45:05.203+0000] {processor.py:161} INFO - Started process (PID=910) to work on /opt/airflow/dags/pipeline.py
[2024-07-20T19:45:05.203+0000] {processor.py:830} INFO - Processing file /opt/airflow/dags/pipeline.py for tasks to queue
[2024-07-20T19:45:05.205+0000] {logging_mixin.py:188} INFO - [2024-07-20T19:45:05.205+0000] {dagbag.py:545} INFO - Filling up the DagBag from /opt/airflow/dags/pipeline.py
[2024-07-20T19:45:05.209+0000] {logging_mixin.py:188} INFO - [2024-07-20T19:45:05.208+0000] {dagbag.py:355} ERROR - Failed to import: /opt/airflow/dags/pipeline.py
Traceback (most recent call last):
  File "/home/airflow/.local/lib/python3.12/site-packages/airflow/models/dagbag.py", line 351, in parse
    loader.exec_module(new_module)
  File "<frozen importlib._bootstrap_external>", line 995, in exec_module
  File "<frozen importlib._bootstrap>", line 488, in _call_with_frames_removed
  File "/opt/airflow/dags/pipeline.py", line 5, in <module>
    from DAGs.scripts.csv_global_var import _LANDED, _PROCESSED, _CLEANED, _MYSQL_CSVS_DIR, _SQL_TABLES_INIT, _SQL_STAGING, _SQL_TRANSFORM_LOAD, _SQL_UPDATE_VIEW
ModuleNotFoundError: No module named 'DAGs'
[2024-07-20T19:45:05.209+0000] {processor.py:842} WARNING - No viable dags retrieved from /opt/airflow/dags/pipeline.py
[2024-07-20T19:45:05.256+0000] {processor.py:183} INFO - Processing /opt/airflow/dags/pipeline.py took 0.062 seconds
[2024-07-20T19:45:35.425+0000] {processor.py:161} INFO - Started process (PID=915) to work on /opt/airflow/dags/pipeline.py
[2024-07-20T19:45:35.447+0000] {processor.py:830} INFO - Processing file /opt/airflow/dags/pipeline.py for tasks to queue
[2024-07-20T19:45:35.449+0000] {logging_mixin.py:188} INFO - [2024-07-20T19:45:35.449+0000] {dagbag.py:545} INFO - Filling up the DagBag from /opt/airflow/dags/pipeline.py
[2024-07-20T19:45:35.453+0000] {logging_mixin.py:188} INFO - [2024-07-20T19:45:35.452+0000] {dagbag.py:355} ERROR - Failed to import: /opt/airflow/dags/pipeline.py
Traceback (most recent call last):
  File "/home/airflow/.local/lib/python3.12/site-packages/airflow/models/dagbag.py", line 351, in parse
    loader.exec_module(new_module)
  File "<frozen importlib._bootstrap_external>", line 995, in exec_module
  File "<frozen importlib._bootstrap>", line 488, in _call_with_frames_removed
  File "/opt/airflow/dags/pipeline.py", line 5, in <module>
    from DAGs.scripts.csv_global_var import _LANDED, _PROCESSED, _CLEANED, _MYSQL_CSVS_DIR, _SQL_TABLES_INIT, _SQL_STAGING, _SQL_TRANSFORM_LOAD, _SQL_UPDATE_VIEW
ModuleNotFoundError: No module named 'DAGs'
[2024-07-20T19:45:35.454+0000] {processor.py:842} WARNING - No viable dags retrieved from /opt/airflow/dags/pipeline.py
[2024-07-20T19:45:35.614+0000] {processor.py:183} INFO - Processing /opt/airflow/dags/pipeline.py took 0.195 seconds
[2024-07-20T19:46:05.889+0000] {processor.py:161} INFO - Started process (PID=920) to work on /opt/airflow/dags/pipeline.py
[2024-07-20T19:46:05.893+0000] {processor.py:830} INFO - Processing file /opt/airflow/dags/pipeline.py for tasks to queue
[2024-07-20T19:46:05.900+0000] {logging_mixin.py:188} INFO - [2024-07-20T19:46:05.899+0000] {dagbag.py:545} INFO - Filling up the DagBag from /opt/airflow/dags/pipeline.py
[2024-07-20T19:46:05.920+0000] {logging_mixin.py:188} INFO - [2024-07-20T19:46:05.914+0000] {dagbag.py:355} ERROR - Failed to import: /opt/airflow/dags/pipeline.py
Traceback (most recent call last):
  File "/home/airflow/.local/lib/python3.12/site-packages/airflow/models/dagbag.py", line 351, in parse
    loader.exec_module(new_module)
  File "<frozen importlib._bootstrap_external>", line 995, in exec_module
  File "<frozen importlib._bootstrap>", line 488, in _call_with_frames_removed
  File "/opt/airflow/dags/pipeline.py", line 5, in <module>
    from DAGs.scripts.csv_global_var import _LANDED, _PROCESSED, _CLEANED, _MYSQL_CSVS_DIR, _SQL_TABLES_INIT, _SQL_STAGING, _SQL_TRANSFORM_LOAD, _SQL_UPDATE_VIEW
ModuleNotFoundError: No module named 'DAGs'
[2024-07-20T19:46:05.924+0000] {processor.py:842} WARNING - No viable dags retrieved from /opt/airflow/dags/pipeline.py
[2024-07-20T19:46:06.036+0000] {processor.py:183} INFO - Processing /opt/airflow/dags/pipeline.py took 0.178 seconds
[2024-07-20T19:46:36.284+0000] {processor.py:161} INFO - Started process (PID=925) to work on /opt/airflow/dags/pipeline.py
[2024-07-20T19:46:36.304+0000] {processor.py:830} INFO - Processing file /opt/airflow/dags/pipeline.py for tasks to queue
[2024-07-20T19:46:36.306+0000] {logging_mixin.py:188} INFO - [2024-07-20T19:46:36.306+0000] {dagbag.py:545} INFO - Filling up the DagBag from /opt/airflow/dags/pipeline.py
[2024-07-20T19:46:36.309+0000] {logging_mixin.py:188} INFO - [2024-07-20T19:46:36.308+0000] {dagbag.py:355} ERROR - Failed to import: /opt/airflow/dags/pipeline.py
Traceback (most recent call last):
  File "/home/airflow/.local/lib/python3.12/site-packages/airflow/models/dagbag.py", line 351, in parse
    loader.exec_module(new_module)
  File "<frozen importlib._bootstrap_external>", line 995, in exec_module
  File "<frozen importlib._bootstrap>", line 488, in _call_with_frames_removed
  File "/opt/airflow/dags/pipeline.py", line 5, in <module>
    from DAGs.scripts.csv_global_var import _LANDED, _PROCESSED, _CLEANED, _MYSQL_CSVS_DIR, _SQL_TABLES_INIT, _SQL_STAGING, _SQL_TRANSFORM_LOAD, _SQL_UPDATE_VIEW
ModuleNotFoundError: No module named 'DAGs'
[2024-07-20T19:46:36.310+0000] {processor.py:842} WARNING - No viable dags retrieved from /opt/airflow/dags/pipeline.py
[2024-07-20T19:46:36.347+0000] {processor.py:183} INFO - Processing /opt/airflow/dags/pipeline.py took 0.069 seconds
[2024-07-20T19:47:06.478+0000] {processor.py:161} INFO - Started process (PID=930) to work on /opt/airflow/dags/pipeline.py
[2024-07-20T19:47:06.479+0000] {processor.py:830} INFO - Processing file /opt/airflow/dags/pipeline.py for tasks to queue
[2024-07-20T19:47:06.481+0000] {logging_mixin.py:188} INFO - [2024-07-20T19:47:06.480+0000] {dagbag.py:545} INFO - Filling up the DagBag from /opt/airflow/dags/pipeline.py
[2024-07-20T19:47:06.484+0000] {logging_mixin.py:188} INFO - [2024-07-20T19:47:06.483+0000] {dagbag.py:355} ERROR - Failed to import: /opt/airflow/dags/pipeline.py
Traceback (most recent call last):
  File "/home/airflow/.local/lib/python3.12/site-packages/airflow/models/dagbag.py", line 351, in parse
    loader.exec_module(new_module)
  File "<frozen importlib._bootstrap_external>", line 995, in exec_module
  File "<frozen importlib._bootstrap>", line 488, in _call_with_frames_removed
  File "/opt/airflow/dags/pipeline.py", line 5, in <module>
    from DAGs.scripts.csv_global_var import _LANDED, _PROCESSED, _CLEANED, _MYSQL_CSVS_DIR, _SQL_TABLES_INIT, _SQL_STAGING, _SQL_TRANSFORM_LOAD, _SQL_UPDATE_VIEW
ModuleNotFoundError: No module named 'DAGs'
[2024-07-20T19:47:06.485+0000] {processor.py:842} WARNING - No viable dags retrieved from /opt/airflow/dags/pipeline.py
[2024-07-20T19:47:06.537+0000] {processor.py:183} INFO - Processing /opt/airflow/dags/pipeline.py took 0.066 seconds
[2024-07-20T19:47:36.728+0000] {processor.py:161} INFO - Started process (PID=935) to work on /opt/airflow/dags/pipeline.py
[2024-07-20T19:47:36.728+0000] {processor.py:830} INFO - Processing file /opt/airflow/dags/pipeline.py for tasks to queue
[2024-07-20T19:47:36.730+0000] {logging_mixin.py:188} INFO - [2024-07-20T19:47:36.730+0000] {dagbag.py:545} INFO - Filling up the DagBag from /opt/airflow/dags/pipeline.py
[2024-07-20T19:47:36.732+0000] {logging_mixin.py:188} INFO - [2024-07-20T19:47:36.732+0000] {dagbag.py:355} ERROR - Failed to import: /opt/airflow/dags/pipeline.py
Traceback (most recent call last):
  File "/home/airflow/.local/lib/python3.12/site-packages/airflow/models/dagbag.py", line 351, in parse
    loader.exec_module(new_module)
  File "<frozen importlib._bootstrap_external>", line 995, in exec_module
  File "<frozen importlib._bootstrap>", line 488, in _call_with_frames_removed
  File "/opt/airflow/dags/pipeline.py", line 5, in <module>
    from DAGs.scripts.csv_global_var import _LANDED, _PROCESSED, _CLEANED, _MYSQL_CSVS_DIR, _SQL_TABLES_INIT, _SQL_STAGING, _SQL_TRANSFORM_LOAD, _SQL_UPDATE_VIEW
ModuleNotFoundError: No module named 'DAGs'
[2024-07-20T19:47:36.733+0000] {processor.py:842} WARNING - No viable dags retrieved from /opt/airflow/dags/pipeline.py
[2024-07-20T19:47:36.760+0000] {processor.py:183} INFO - Processing /opt/airflow/dags/pipeline.py took 0.038 seconds
[2024-07-20T19:48:06.929+0000] {processor.py:161} INFO - Started process (PID=940) to work on /opt/airflow/dags/pipeline.py
[2024-07-20T19:48:06.929+0000] {processor.py:830} INFO - Processing file /opt/airflow/dags/pipeline.py for tasks to queue
[2024-07-20T19:48:06.931+0000] {logging_mixin.py:188} INFO - [2024-07-20T19:48:06.930+0000] {dagbag.py:545} INFO - Filling up the DagBag from /opt/airflow/dags/pipeline.py
[2024-07-20T19:48:06.933+0000] {logging_mixin.py:188} INFO - [2024-07-20T19:48:06.932+0000] {dagbag.py:355} ERROR - Failed to import: /opt/airflow/dags/pipeline.py
Traceback (most recent call last):
  File "/home/airflow/.local/lib/python3.12/site-packages/airflow/models/dagbag.py", line 351, in parse
    loader.exec_module(new_module)
  File "<frozen importlib._bootstrap_external>", line 995, in exec_module
  File "<frozen importlib._bootstrap>", line 488, in _call_with_frames_removed
  File "/opt/airflow/dags/pipeline.py", line 5, in <module>
    from DAGs.scripts.csv_global_var import _LANDED, _PROCESSED, _CLEANED, _MYSQL_CSVS_DIR, _SQL_TABLES_INIT, _SQL_STAGING, _SQL_TRANSFORM_LOAD, _SQL_UPDATE_VIEW
ModuleNotFoundError: No module named 'DAGs'
[2024-07-20T19:48:06.934+0000] {processor.py:842} WARNING - No viable dags retrieved from /opt/airflow/dags/pipeline.py
[2024-07-20T19:48:06.995+0000] {processor.py:183} INFO - Processing /opt/airflow/dags/pipeline.py took 0.072 seconds
[2024-07-20T19:48:37.186+0000] {processor.py:161} INFO - Started process (PID=945) to work on /opt/airflow/dags/pipeline.py
[2024-07-20T19:48:37.195+0000] {processor.py:830} INFO - Processing file /opt/airflow/dags/pipeline.py for tasks to queue
[2024-07-20T19:48:37.197+0000] {logging_mixin.py:188} INFO - [2024-07-20T19:48:37.197+0000] {dagbag.py:545} INFO - Filling up the DagBag from /opt/airflow/dags/pipeline.py
[2024-07-20T19:48:37.202+0000] {logging_mixin.py:188} INFO - [2024-07-20T19:48:37.201+0000] {dagbag.py:355} ERROR - Failed to import: /opt/airflow/dags/pipeline.py
Traceback (most recent call last):
  File "/home/airflow/.local/lib/python3.12/site-packages/airflow/models/dagbag.py", line 351, in parse
    loader.exec_module(new_module)
  File "<frozen importlib._bootstrap_external>", line 995, in exec_module
  File "<frozen importlib._bootstrap>", line 488, in _call_with_frames_removed
  File "/opt/airflow/dags/pipeline.py", line 5, in <module>
    from DAGs.scripts.csv_global_var import _LANDED, _PROCESSED, _CLEANED, _MYSQL_CSVS_DIR, _SQL_TABLES_INIT, _SQL_STAGING, _SQL_TRANSFORM_LOAD, _SQL_UPDATE_VIEW
ModuleNotFoundError: No module named 'DAGs'
[2024-07-20T19:48:37.203+0000] {processor.py:842} WARNING - No viable dags retrieved from /opt/airflow/dags/pipeline.py
[2024-07-20T19:48:37.251+0000] {processor.py:183} INFO - Processing /opt/airflow/dags/pipeline.py took 0.072 seconds
[2024-07-20T19:49:07.452+0000] {processor.py:161} INFO - Started process (PID=950) to work on /opt/airflow/dags/pipeline.py
[2024-07-20T19:49:07.453+0000] {processor.py:830} INFO - Processing file /opt/airflow/dags/pipeline.py for tasks to queue
[2024-07-20T19:49:07.455+0000] {logging_mixin.py:188} INFO - [2024-07-20T19:49:07.454+0000] {dagbag.py:545} INFO - Filling up the DagBag from /opt/airflow/dags/pipeline.py
[2024-07-20T19:49:07.458+0000] {logging_mixin.py:188} INFO - [2024-07-20T19:49:07.457+0000] {dagbag.py:355} ERROR - Failed to import: /opt/airflow/dags/pipeline.py
Traceback (most recent call last):
  File "/home/airflow/.local/lib/python3.12/site-packages/airflow/models/dagbag.py", line 351, in parse
    loader.exec_module(new_module)
  File "<frozen importlib._bootstrap_external>", line 995, in exec_module
  File "<frozen importlib._bootstrap>", line 488, in _call_with_frames_removed
  File "/opt/airflow/dags/pipeline.py", line 5, in <module>
    from DAGs.scripts.csv_global_var import _LANDED, _PROCESSED, _CLEANED, _MYSQL_CSVS_DIR, _SQL_TABLES_INIT, _SQL_STAGING, _SQL_TRANSFORM_LOAD, _SQL_UPDATE_VIEW
ModuleNotFoundError: No module named 'DAGs'
[2024-07-20T19:49:07.458+0000] {processor.py:842} WARNING - No viable dags retrieved from /opt/airflow/dags/pipeline.py
[2024-07-20T19:49:07.508+0000] {processor.py:183} INFO - Processing /opt/airflow/dags/pipeline.py took 0.061 seconds
[2024-07-20T19:49:37.633+0000] {processor.py:161} INFO - Started process (PID=955) to work on /opt/airflow/dags/pipeline.py
[2024-07-20T19:49:37.653+0000] {processor.py:830} INFO - Processing file /opt/airflow/dags/pipeline.py for tasks to queue
[2024-07-20T19:49:37.655+0000] {logging_mixin.py:188} INFO - [2024-07-20T19:49:37.654+0000] {dagbag.py:545} INFO - Filling up the DagBag from /opt/airflow/dags/pipeline.py
[2024-07-20T19:49:37.658+0000] {logging_mixin.py:188} INFO - [2024-07-20T19:49:37.657+0000] {dagbag.py:355} ERROR - Failed to import: /opt/airflow/dags/pipeline.py
Traceback (most recent call last):
  File "/home/airflow/.local/lib/python3.12/site-packages/airflow/models/dagbag.py", line 351, in parse
    loader.exec_module(new_module)
  File "<frozen importlib._bootstrap_external>", line 995, in exec_module
  File "<frozen importlib._bootstrap>", line 488, in _call_with_frames_removed
  File "/opt/airflow/dags/pipeline.py", line 5, in <module>
    from DAGs.scripts.csv_global_var import _LANDED, _PROCESSED, _CLEANED, _MYSQL_CSVS_DIR, _SQL_TABLES_INIT, _SQL_STAGING, _SQL_TRANSFORM_LOAD, _SQL_UPDATE_VIEW
ModuleNotFoundError: No module named 'DAGs'
[2024-07-20T19:49:37.658+0000] {processor.py:842} WARNING - No viable dags retrieved from /opt/airflow/dags/pipeline.py
[2024-07-20T19:49:37.698+0000] {processor.py:183} INFO - Processing /opt/airflow/dags/pipeline.py took 0.069 seconds
[2024-07-20T19:50:08.026+0000] {processor.py:161} INFO - Started process (PID=960) to work on /opt/airflow/dags/pipeline.py
[2024-07-20T19:50:08.027+0000] {processor.py:830} INFO - Processing file /opt/airflow/dags/pipeline.py for tasks to queue
[2024-07-20T19:50:08.029+0000] {logging_mixin.py:188} INFO - [2024-07-20T19:50:08.029+0000] {dagbag.py:545} INFO - Filling up the DagBag from /opt/airflow/dags/pipeline.py
[2024-07-20T19:50:08.033+0000] {logging_mixin.py:188} INFO - [2024-07-20T19:50:08.032+0000] {dagbag.py:355} ERROR - Failed to import: /opt/airflow/dags/pipeline.py
Traceback (most recent call last):
  File "/home/airflow/.local/lib/python3.12/site-packages/airflow/models/dagbag.py", line 351, in parse
    loader.exec_module(new_module)
  File "<frozen importlib._bootstrap_external>", line 995, in exec_module
  File "<frozen importlib._bootstrap>", line 488, in _call_with_frames_removed
  File "/opt/airflow/dags/pipeline.py", line 5, in <module>
    from DAGs.scripts.csv_global_var import _LANDED, _PROCESSED, _CLEANED, _MYSQL_CSVS_DIR, _SQL_TABLES_INIT, _SQL_STAGING, _SQL_TRANSFORM_LOAD, _SQL_UPDATE_VIEW
ModuleNotFoundError: No module named 'DAGs'
[2024-07-20T19:50:08.034+0000] {processor.py:842} WARNING - No viable dags retrieved from /opt/airflow/dags/pipeline.py
[2024-07-20T19:50:08.654+0000] {processor.py:183} INFO - Processing /opt/airflow/dags/pipeline.py took 0.635 seconds
[2024-07-20T19:50:38.963+0000] {processor.py:161} INFO - Started process (PID=965) to work on /opt/airflow/dags/pipeline.py
[2024-07-20T19:50:39.144+0000] {processor.py:830} INFO - Processing file /opt/airflow/dags/pipeline.py for tasks to queue
[2024-07-20T19:50:39.155+0000] {logging_mixin.py:188} INFO - [2024-07-20T19:50:39.153+0000] {dagbag.py:545} INFO - Filling up the DagBag from /opt/airflow/dags/pipeline.py
[2024-07-20T19:50:39.176+0000] {logging_mixin.py:188} INFO - [2024-07-20T19:50:39.168+0000] {dagbag.py:355} ERROR - Failed to import: /opt/airflow/dags/pipeline.py
Traceback (most recent call last):
  File "/home/airflow/.local/lib/python3.12/site-packages/airflow/models/dagbag.py", line 351, in parse
    loader.exec_module(new_module)
  File "<frozen importlib._bootstrap_external>", line 995, in exec_module
  File "<frozen importlib._bootstrap>", line 488, in _call_with_frames_removed
  File "/opt/airflow/dags/pipeline.py", line 5, in <module>
    from DAGs.scripts.csv_global_var import _LANDED, _PROCESSED, _CLEANED, _MYSQL_CSVS_DIR, _SQL_TABLES_INIT, _SQL_STAGING, _SQL_TRANSFORM_LOAD, _SQL_UPDATE_VIEW
ModuleNotFoundError: No module named 'DAGs'
[2024-07-20T19:50:39.180+0000] {processor.py:842} WARNING - No viable dags retrieved from /opt/airflow/dags/pipeline.py
[2024-07-20T19:50:39.457+0000] {processor.py:183} INFO - Processing /opt/airflow/dags/pipeline.py took 0.518 seconds
[2024-07-20T19:51:09.680+0000] {processor.py:161} INFO - Started process (PID=970) to work on /opt/airflow/dags/pipeline.py
[2024-07-20T19:51:09.681+0000] {processor.py:830} INFO - Processing file /opt/airflow/dags/pipeline.py for tasks to queue
[2024-07-20T19:51:09.682+0000] {logging_mixin.py:188} INFO - [2024-07-20T19:51:09.682+0000] {dagbag.py:545} INFO - Filling up the DagBag from /opt/airflow/dags/pipeline.py
[2024-07-20T19:51:09.685+0000] {logging_mixin.py:188} INFO - [2024-07-20T19:51:09.684+0000] {dagbag.py:355} ERROR - Failed to import: /opt/airflow/dags/pipeline.py
Traceback (most recent call last):
  File "/home/airflow/.local/lib/python3.12/site-packages/airflow/models/dagbag.py", line 351, in parse
    loader.exec_module(new_module)
  File "<frozen importlib._bootstrap_external>", line 995, in exec_module
  File "<frozen importlib._bootstrap>", line 488, in _call_with_frames_removed
  File "/opt/airflow/dags/pipeline.py", line 5, in <module>
    from DAGs.scripts.csv_global_var import _LANDED, _PROCESSED, _CLEANED, _MYSQL_CSVS_DIR, _SQL_TABLES_INIT, _SQL_STAGING, _SQL_TRANSFORM_LOAD, _SQL_UPDATE_VIEW
ModuleNotFoundError: No module named 'DAGs'
[2024-07-20T19:51:09.686+0000] {processor.py:842} WARNING - No viable dags retrieved from /opt/airflow/dags/pipeline.py
[2024-07-20T19:51:09.733+0000] {processor.py:183} INFO - Processing /opt/airflow/dags/pipeline.py took 0.058 seconds
[2024-07-20T19:51:39.872+0000] {processor.py:161} INFO - Started process (PID=975) to work on /opt/airflow/dags/pipeline.py
[2024-07-20T19:51:39.888+0000] {processor.py:830} INFO - Processing file /opt/airflow/dags/pipeline.py for tasks to queue
[2024-07-20T19:51:39.891+0000] {logging_mixin.py:188} INFO - [2024-07-20T19:51:39.890+0000] {dagbag.py:545} INFO - Filling up the DagBag from /opt/airflow/dags/pipeline.py
[2024-07-20T19:51:39.895+0000] {logging_mixin.py:188} INFO - [2024-07-20T19:51:39.893+0000] {dagbag.py:355} ERROR - Failed to import: /opt/airflow/dags/pipeline.py
Traceback (most recent call last):
  File "/home/airflow/.local/lib/python3.12/site-packages/airflow/models/dagbag.py", line 351, in parse
    loader.exec_module(new_module)
  File "<frozen importlib._bootstrap_external>", line 995, in exec_module
  File "<frozen importlib._bootstrap>", line 488, in _call_with_frames_removed
  File "/opt/airflow/dags/pipeline.py", line 5, in <module>
    from DAGs.scripts.csv_global_var import _LANDED, _PROCESSED, _CLEANED, _MYSQL_CSVS_DIR, _SQL_TABLES_INIT, _SQL_STAGING, _SQL_TRANSFORM_LOAD, _SQL_UPDATE_VIEW
ModuleNotFoundError: No module named 'DAGs'
[2024-07-20T19:51:39.895+0000] {processor.py:842} WARNING - No viable dags retrieved from /opt/airflow/dags/pipeline.py
[2024-07-20T19:51:39.945+0000] {processor.py:183} INFO - Processing /opt/airflow/dags/pipeline.py took 0.079 seconds
[2024-07-20T19:52:10.115+0000] {processor.py:161} INFO - Started process (PID=980) to work on /opt/airflow/dags/pipeline.py
[2024-07-20T19:52:10.116+0000] {processor.py:830} INFO - Processing file /opt/airflow/dags/pipeline.py for tasks to queue
[2024-07-20T19:52:10.118+0000] {logging_mixin.py:188} INFO - [2024-07-20T19:52:10.117+0000] {dagbag.py:545} INFO - Filling up the DagBag from /opt/airflow/dags/pipeline.py
[2024-07-20T19:52:10.121+0000] {logging_mixin.py:188} INFO - [2024-07-20T19:52:10.120+0000] {dagbag.py:355} ERROR - Failed to import: /opt/airflow/dags/pipeline.py
Traceback (most recent call last):
  File "/home/airflow/.local/lib/python3.12/site-packages/airflow/models/dagbag.py", line 351, in parse
    loader.exec_module(new_module)
  File "<frozen importlib._bootstrap_external>", line 995, in exec_module
  File "<frozen importlib._bootstrap>", line 488, in _call_with_frames_removed
  File "/opt/airflow/dags/pipeline.py", line 5, in <module>
    from DAGs.scripts.csv_global_var import _LANDED, _PROCESSED, _CLEANED, _MYSQL_CSVS_DIR, _SQL_TABLES_INIT, _SQL_STAGING, _SQL_TRANSFORM_LOAD, _SQL_UPDATE_VIEW
ModuleNotFoundError: No module named 'DAGs'
[2024-07-20T19:52:10.122+0000] {processor.py:842} WARNING - No viable dags retrieved from /opt/airflow/dags/pipeline.py
[2024-07-20T19:52:10.157+0000] {processor.py:183} INFO - Processing /opt/airflow/dags/pipeline.py took 0.048 seconds
[2024-07-20T19:52:40.346+0000] {processor.py:161} INFO - Started process (PID=985) to work on /opt/airflow/dags/pipeline.py
[2024-07-20T19:52:40.368+0000] {processor.py:830} INFO - Processing file /opt/airflow/dags/pipeline.py for tasks to queue
[2024-07-20T19:52:40.370+0000] {logging_mixin.py:188} INFO - [2024-07-20T19:52:40.370+0000] {dagbag.py:545} INFO - Filling up the DagBag from /opt/airflow/dags/pipeline.py
[2024-07-20T19:52:40.374+0000] {logging_mixin.py:188} INFO - [2024-07-20T19:52:40.373+0000] {dagbag.py:355} ERROR - Failed to import: /opt/airflow/dags/pipeline.py
Traceback (most recent call last):
  File "/home/airflow/.local/lib/python3.12/site-packages/airflow/models/dagbag.py", line 351, in parse
    loader.exec_module(new_module)
  File "<frozen importlib._bootstrap_external>", line 995, in exec_module
  File "<frozen importlib._bootstrap>", line 488, in _call_with_frames_removed
  File "/opt/airflow/dags/pipeline.py", line 5, in <module>
    from DAGs.scripts.csv_global_var import _LANDED, _PROCESSED, _CLEANED, _MYSQL_CSVS_DIR, _SQL_TABLES_INIT, _SQL_STAGING, _SQL_TRANSFORM_LOAD, _SQL_UPDATE_VIEW
ModuleNotFoundError: No module named 'DAGs'
[2024-07-20T19:52:40.375+0000] {processor.py:842} WARNING - No viable dags retrieved from /opt/airflow/dags/pipeline.py
[2024-07-20T19:52:40.414+0000] {processor.py:183} INFO - Processing /opt/airflow/dags/pipeline.py took 0.076 seconds
[2024-07-20T19:53:10.559+0000] {processor.py:161} INFO - Started process (PID=990) to work on /opt/airflow/dags/pipeline.py
[2024-07-20T19:53:10.559+0000] {processor.py:830} INFO - Processing file /opt/airflow/dags/pipeline.py for tasks to queue
[2024-07-20T19:53:10.561+0000] {logging_mixin.py:188} INFO - [2024-07-20T19:53:10.561+0000] {dagbag.py:545} INFO - Filling up the DagBag from /opt/airflow/dags/pipeline.py
[2024-07-20T19:53:10.564+0000] {logging_mixin.py:188} INFO - [2024-07-20T19:53:10.563+0000] {dagbag.py:355} ERROR - Failed to import: /opt/airflow/dags/pipeline.py
Traceback (most recent call last):
  File "/home/airflow/.local/lib/python3.12/site-packages/airflow/models/dagbag.py", line 351, in parse
    loader.exec_module(new_module)
  File "<frozen importlib._bootstrap_external>", line 995, in exec_module
  File "<frozen importlib._bootstrap>", line 488, in _call_with_frames_removed
  File "/opt/airflow/dags/pipeline.py", line 5, in <module>
    from DAGs.scripts.csv_global_var import _LANDED, _PROCESSED, _CLEANED, _MYSQL_CSVS_DIR, _SQL_TABLES_INIT, _SQL_STAGING, _SQL_TRANSFORM_LOAD, _SQL_UPDATE_VIEW
ModuleNotFoundError: No module named 'DAGs'
[2024-07-20T19:53:10.564+0000] {processor.py:842} WARNING - No viable dags retrieved from /opt/airflow/dags/pipeline.py
[2024-07-20T19:53:10.615+0000] {processor.py:183} INFO - Processing /opt/airflow/dags/pipeline.py took 0.062 seconds
[2024-07-20T19:53:40.837+0000] {processor.py:161} INFO - Started process (PID=995) to work on /opt/airflow/dags/pipeline.py
[2024-07-20T19:53:40.859+0000] {processor.py:830} INFO - Processing file /opt/airflow/dags/pipeline.py for tasks to queue
[2024-07-20T19:53:40.860+0000] {logging_mixin.py:188} INFO - [2024-07-20T19:53:40.860+0000] {dagbag.py:545} INFO - Filling up the DagBag from /opt/airflow/dags/pipeline.py
[2024-07-20T19:53:40.863+0000] {logging_mixin.py:188} INFO - [2024-07-20T19:53:40.862+0000] {dagbag.py:355} ERROR - Failed to import: /opt/airflow/dags/pipeline.py
Traceback (most recent call last):
  File "/home/airflow/.local/lib/python3.12/site-packages/airflow/models/dagbag.py", line 351, in parse
    loader.exec_module(new_module)
  File "<frozen importlib._bootstrap_external>", line 995, in exec_module
  File "<frozen importlib._bootstrap>", line 488, in _call_with_frames_removed
  File "/opt/airflow/dags/pipeline.py", line 5, in <module>
    from DAGs.scripts.csv_global_var import _LANDED, _PROCESSED, _CLEANED, _MYSQL_CSVS_DIR, _SQL_TABLES_INIT, _SQL_STAGING, _SQL_TRANSFORM_LOAD, _SQL_UPDATE_VIEW
ModuleNotFoundError: No module named 'DAGs'
[2024-07-20T19:53:40.864+0000] {processor.py:842} WARNING - No viable dags retrieved from /opt/airflow/dags/pipeline.py
[2024-07-20T19:53:40.906+0000] {processor.py:183} INFO - Processing /opt/airflow/dags/pipeline.py took 0.074 seconds
[2024-07-20T19:54:11.071+0000] {processor.py:161} INFO - Started process (PID=1000) to work on /opt/airflow/dags/pipeline.py
[2024-07-20T19:54:11.072+0000] {processor.py:830} INFO - Processing file /opt/airflow/dags/pipeline.py for tasks to queue
[2024-07-20T19:54:11.074+0000] {logging_mixin.py:188} INFO - [2024-07-20T19:54:11.073+0000] {dagbag.py:545} INFO - Filling up the DagBag from /opt/airflow/dags/pipeline.py
[2024-07-20T19:54:11.077+0000] {logging_mixin.py:188} INFO - [2024-07-20T19:54:11.076+0000] {dagbag.py:355} ERROR - Failed to import: /opt/airflow/dags/pipeline.py
Traceback (most recent call last):
  File "/home/airflow/.local/lib/python3.12/site-packages/airflow/models/dagbag.py", line 351, in parse
    loader.exec_module(new_module)
  File "<frozen importlib._bootstrap_external>", line 995, in exec_module
  File "<frozen importlib._bootstrap>", line 488, in _call_with_frames_removed
  File "/opt/airflow/dags/pipeline.py", line 5, in <module>
    from DAGs.scripts.csv_global_var import _LANDED, _PROCESSED, _CLEANED, _MYSQL_CSVS_DIR, _SQL_TABLES_INIT, _SQL_STAGING, _SQL_TRANSFORM_LOAD, _SQL_UPDATE_VIEW
ModuleNotFoundError: No module named 'DAGs'
[2024-07-20T19:54:11.078+0000] {processor.py:842} WARNING - No viable dags retrieved from /opt/airflow/dags/pipeline.py
[2024-07-20T19:54:11.130+0000] {processor.py:183} INFO - Processing /opt/airflow/dags/pipeline.py took 0.072 seconds
[2024-07-20T19:54:41.326+0000] {processor.py:161} INFO - Started process (PID=1005) to work on /opt/airflow/dags/pipeline.py
[2024-07-20T19:54:41.372+0000] {processor.py:830} INFO - Processing file /opt/airflow/dags/pipeline.py for tasks to queue
[2024-07-20T19:54:41.374+0000] {logging_mixin.py:188} INFO - [2024-07-20T19:54:41.374+0000] {dagbag.py:545} INFO - Filling up the DagBag from /opt/airflow/dags/pipeline.py
[2024-07-20T19:54:41.377+0000] {logging_mixin.py:188} INFO - [2024-07-20T19:54:41.376+0000] {dagbag.py:355} ERROR - Failed to import: /opt/airflow/dags/pipeline.py
Traceback (most recent call last):
  File "/home/airflow/.local/lib/python3.12/site-packages/airflow/models/dagbag.py", line 351, in parse
    loader.exec_module(new_module)
  File "<frozen importlib._bootstrap_external>", line 995, in exec_module
  File "<frozen importlib._bootstrap>", line 488, in _call_with_frames_removed
  File "/opt/airflow/dags/pipeline.py", line 5, in <module>
    from DAGs.scripts.csv_global_var import _LANDED, _PROCESSED, _CLEANED, _MYSQL_CSVS_DIR, _SQL_TABLES_INIT, _SQL_STAGING, _SQL_TRANSFORM_LOAD, _SQL_UPDATE_VIEW
ModuleNotFoundError: No module named 'DAGs'
[2024-07-20T19:54:41.377+0000] {processor.py:842} WARNING - No viable dags retrieved from /opt/airflow/dags/pipeline.py
[2024-07-20T19:54:41.430+0000] {processor.py:183} INFO - Processing /opt/airflow/dags/pipeline.py took 0.109 seconds
[2024-07-20T19:55:11.530+0000] {processor.py:161} INFO - Started process (PID=1010) to work on /opt/airflow/dags/pipeline.py
[2024-07-20T19:55:11.530+0000] {processor.py:830} INFO - Processing file /opt/airflow/dags/pipeline.py for tasks to queue
[2024-07-20T19:55:11.532+0000] {logging_mixin.py:188} INFO - [2024-07-20T19:55:11.532+0000] {dagbag.py:545} INFO - Filling up the DagBag from /opt/airflow/dags/pipeline.py
[2024-07-20T19:55:11.536+0000] {logging_mixin.py:188} INFO - [2024-07-20T19:55:11.535+0000] {dagbag.py:355} ERROR - Failed to import: /opt/airflow/dags/pipeline.py
Traceback (most recent call last):
  File "/home/airflow/.local/lib/python3.12/site-packages/airflow/models/dagbag.py", line 351, in parse
    loader.exec_module(new_module)
  File "<frozen importlib._bootstrap_external>", line 995, in exec_module
  File "<frozen importlib._bootstrap>", line 488, in _call_with_frames_removed
  File "/opt/airflow/dags/pipeline.py", line 5, in <module>
    from DAGs.scripts.csv_global_var import _LANDED, _PROCESSED, _CLEANED, _MYSQL_CSVS_DIR, _SQL_TABLES_INIT, _SQL_STAGING, _SQL_TRANSFORM_LOAD, _SQL_UPDATE_VIEW
ModuleNotFoundError: No module named 'DAGs'
[2024-07-20T19:55:11.537+0000] {processor.py:842} WARNING - No viable dags retrieved from /opt/airflow/dags/pipeline.py
[2024-07-20T19:55:11.598+0000] {processor.py:183} INFO - Processing /opt/airflow/dags/pipeline.py took 0.075 seconds
[2024-07-20T19:55:41.819+0000] {processor.py:161} INFO - Started process (PID=1015) to work on /opt/airflow/dags/pipeline.py
[2024-07-20T19:55:41.841+0000] {processor.py:830} INFO - Processing file /opt/airflow/dags/pipeline.py for tasks to queue
[2024-07-20T19:55:41.843+0000] {logging_mixin.py:188} INFO - [2024-07-20T19:55:41.843+0000] {dagbag.py:545} INFO - Filling up the DagBag from /opt/airflow/dags/pipeline.py
[2024-07-20T19:55:41.846+0000] {logging_mixin.py:188} INFO - [2024-07-20T19:55:41.845+0000] {dagbag.py:355} ERROR - Failed to import: /opt/airflow/dags/pipeline.py
Traceback (most recent call last):
  File "/home/airflow/.local/lib/python3.12/site-packages/airflow/models/dagbag.py", line 351, in parse
    loader.exec_module(new_module)
  File "<frozen importlib._bootstrap_external>", line 995, in exec_module
  File "<frozen importlib._bootstrap>", line 488, in _call_with_frames_removed
  File "/opt/airflow/dags/pipeline.py", line 5, in <module>
    from DAGs.scripts.csv_global_var import _LANDED, _PROCESSED, _CLEANED, _MYSQL_CSVS_DIR, _SQL_TABLES_INIT, _SQL_STAGING, _SQL_TRANSFORM_LOAD, _SQL_UPDATE_VIEW
ModuleNotFoundError: No module named 'DAGs'
[2024-07-20T19:55:41.846+0000] {processor.py:842} WARNING - No viable dags retrieved from /opt/airflow/dags/pipeline.py
[2024-07-20T19:55:41.877+0000] {processor.py:183} INFO - Processing /opt/airflow/dags/pipeline.py took 0.066 seconds
[2024-07-20T19:56:11.970+0000] {processor.py:161} INFO - Started process (PID=1020) to work on /opt/airflow/dags/pipeline.py
[2024-07-20T19:56:11.971+0000] {processor.py:830} INFO - Processing file /opt/airflow/dags/pipeline.py for tasks to queue
[2024-07-20T19:56:11.972+0000] {logging_mixin.py:188} INFO - [2024-07-20T19:56:11.972+0000] {dagbag.py:545} INFO - Filling up the DagBag from /opt/airflow/dags/pipeline.py
[2024-07-20T19:56:11.975+0000] {logging_mixin.py:188} INFO - [2024-07-20T19:56:11.974+0000] {dagbag.py:355} ERROR - Failed to import: /opt/airflow/dags/pipeline.py
Traceback (most recent call last):
  File "/home/airflow/.local/lib/python3.12/site-packages/airflow/models/dagbag.py", line 351, in parse
    loader.exec_module(new_module)
  File "<frozen importlib._bootstrap_external>", line 995, in exec_module
  File "<frozen importlib._bootstrap>", line 488, in _call_with_frames_removed
  File "/opt/airflow/dags/pipeline.py", line 5, in <module>
    from DAGs.scripts.csv_global_var import _LANDED, _PROCESSED, _CLEANED, _MYSQL_CSVS_DIR, _SQL_TABLES_INIT, _SQL_STAGING, _SQL_TRANSFORM_LOAD, _SQL_UPDATE_VIEW
ModuleNotFoundError: No module named 'DAGs'
[2024-07-20T19:56:11.976+0000] {processor.py:842} WARNING - No viable dags retrieved from /opt/airflow/dags/pipeline.py
[2024-07-20T19:56:12.012+0000] {processor.py:183} INFO - Processing /opt/airflow/dags/pipeline.py took 0.047 seconds
[2024-07-20T19:56:42.148+0000] {processor.py:161} INFO - Started process (PID=1025) to work on /opt/airflow/dags/pipeline.py
[2024-07-20T19:56:42.166+0000] {processor.py:830} INFO - Processing file /opt/airflow/dags/pipeline.py for tasks to queue
[2024-07-20T19:56:42.168+0000] {logging_mixin.py:188} INFO - [2024-07-20T19:56:42.167+0000] {dagbag.py:545} INFO - Filling up the DagBag from /opt/airflow/dags/pipeline.py
[2024-07-20T19:56:42.171+0000] {logging_mixin.py:188} INFO - [2024-07-20T19:56:42.170+0000] {dagbag.py:355} ERROR - Failed to import: /opt/airflow/dags/pipeline.py
Traceback (most recent call last):
  File "/home/airflow/.local/lib/python3.12/site-packages/airflow/models/dagbag.py", line 351, in parse
    loader.exec_module(new_module)
  File "<frozen importlib._bootstrap_external>", line 995, in exec_module
  File "<frozen importlib._bootstrap>", line 488, in _call_with_frames_removed
  File "/opt/airflow/dags/pipeline.py", line 5, in <module>
    from DAGs.scripts.csv_global_var import _LANDED, _PROCESSED, _CLEANED, _MYSQL_CSVS_DIR, _SQL_TABLES_INIT, _SQL_STAGING, _SQL_TRANSFORM_LOAD, _SQL_UPDATE_VIEW
ModuleNotFoundError: No module named 'DAGs'
[2024-07-20T19:56:42.171+0000] {processor.py:842} WARNING - No viable dags retrieved from /opt/airflow/dags/pipeline.py
[2024-07-20T19:56:42.213+0000] {processor.py:183} INFO - Processing /opt/airflow/dags/pipeline.py took 0.070 seconds
[2024-07-20T19:57:12.354+0000] {processor.py:161} INFO - Started process (PID=1030) to work on /opt/airflow/dags/pipeline.py
[2024-07-20T19:57:12.355+0000] {processor.py:830} INFO - Processing file /opt/airflow/dags/pipeline.py for tasks to queue
[2024-07-20T19:57:12.356+0000] {logging_mixin.py:188} INFO - [2024-07-20T19:57:12.356+0000] {dagbag.py:545} INFO - Filling up the DagBag from /opt/airflow/dags/pipeline.py
[2024-07-20T19:57:12.360+0000] {logging_mixin.py:188} INFO - [2024-07-20T19:57:12.359+0000] {dagbag.py:355} ERROR - Failed to import: /opt/airflow/dags/pipeline.py
Traceback (most recent call last):
  File "/home/airflow/.local/lib/python3.12/site-packages/airflow/models/dagbag.py", line 351, in parse
    loader.exec_module(new_module)
  File "<frozen importlib._bootstrap_external>", line 995, in exec_module
  File "<frozen importlib._bootstrap>", line 488, in _call_with_frames_removed
  File "/opt/airflow/dags/pipeline.py", line 5, in <module>
    from DAGs.scripts.csv_global_var import _LANDED, _PROCESSED, _CLEANED, _MYSQL_CSVS_DIR, _SQL_TABLES_INIT, _SQL_STAGING, _SQL_TRANSFORM_LOAD, _SQL_UPDATE_VIEW
ModuleNotFoundError: No module named 'DAGs'
[2024-07-20T19:57:12.360+0000] {processor.py:842} WARNING - No viable dags retrieved from /opt/airflow/dags/pipeline.py
[2024-07-20T19:57:12.392+0000] {processor.py:183} INFO - Processing /opt/airflow/dags/pipeline.py took 0.043 seconds
[2024-07-20T19:57:42.610+0000] {processor.py:161} INFO - Started process (PID=1035) to work on /opt/airflow/dags/pipeline.py
[2024-07-20T19:57:42.630+0000] {processor.py:830} INFO - Processing file /opt/airflow/dags/pipeline.py for tasks to queue
[2024-07-20T19:57:42.632+0000] {logging_mixin.py:188} INFO - [2024-07-20T19:57:42.631+0000] {dagbag.py:545} INFO - Filling up the DagBag from /opt/airflow/dags/pipeline.py
[2024-07-20T19:57:42.635+0000] {logging_mixin.py:188} INFO - [2024-07-20T19:57:42.634+0000] {dagbag.py:355} ERROR - Failed to import: /opt/airflow/dags/pipeline.py
Traceback (most recent call last):
  File "/home/airflow/.local/lib/python3.12/site-packages/airflow/models/dagbag.py", line 351, in parse
    loader.exec_module(new_module)
  File "<frozen importlib._bootstrap_external>", line 995, in exec_module
  File "<frozen importlib._bootstrap>", line 488, in _call_with_frames_removed
  File "/opt/airflow/dags/pipeline.py", line 5, in <module>
    from DAGs.scripts.csv_global_var import _LANDED, _PROCESSED, _CLEANED, _MYSQL_CSVS_DIR, _SQL_TABLES_INIT, _SQL_STAGING, _SQL_TRANSFORM_LOAD, _SQL_UPDATE_VIEW
ModuleNotFoundError: No module named 'DAGs'
[2024-07-20T19:57:42.635+0000] {processor.py:842} WARNING - No viable dags retrieved from /opt/airflow/dags/pipeline.py
[2024-07-20T19:57:42.671+0000] {processor.py:183} INFO - Processing /opt/airflow/dags/pipeline.py took 0.070 seconds
[2024-07-20T19:58:12.802+0000] {processor.py:161} INFO - Started process (PID=1040) to work on /opt/airflow/dags/pipeline.py
[2024-07-20T19:58:12.803+0000] {processor.py:830} INFO - Processing file /opt/airflow/dags/pipeline.py for tasks to queue
[2024-07-20T19:58:12.805+0000] {logging_mixin.py:188} INFO - [2024-07-20T19:58:12.805+0000] {dagbag.py:545} INFO - Filling up the DagBag from /opt/airflow/dags/pipeline.py
[2024-07-20T19:58:12.809+0000] {logging_mixin.py:188} INFO - [2024-07-20T19:58:12.808+0000] {dagbag.py:355} ERROR - Failed to import: /opt/airflow/dags/pipeline.py
Traceback (most recent call last):
  File "/home/airflow/.local/lib/python3.12/site-packages/airflow/models/dagbag.py", line 351, in parse
    loader.exec_module(new_module)
  File "<frozen importlib._bootstrap_external>", line 995, in exec_module
  File "<frozen importlib._bootstrap>", line 488, in _call_with_frames_removed
  File "/opt/airflow/dags/pipeline.py", line 5, in <module>
    from DAGs.scripts.csv_global_var import _LANDED, _PROCESSED, _CLEANED, _MYSQL_CSVS_DIR, _SQL_TABLES_INIT, _SQL_STAGING, _SQL_TRANSFORM_LOAD, _SQL_UPDATE_VIEW
ModuleNotFoundError: No module named 'DAGs'
[2024-07-20T19:58:12.810+0000] {processor.py:842} WARNING - No viable dags retrieved from /opt/airflow/dags/pipeline.py
[2024-07-20T19:58:12.839+0000] {processor.py:183} INFO - Processing /opt/airflow/dags/pipeline.py took 0.044 seconds
[2024-07-20T19:58:43.093+0000] {processor.py:161} INFO - Started process (PID=1045) to work on /opt/airflow/dags/pipeline.py
[2024-07-20T19:58:43.094+0000] {processor.py:830} INFO - Processing file /opt/airflow/dags/pipeline.py for tasks to queue
[2024-07-20T19:58:43.096+0000] {logging_mixin.py:188} INFO - [2024-07-20T19:58:43.096+0000] {dagbag.py:545} INFO - Filling up the DagBag from /opt/airflow/dags/pipeline.py
[2024-07-20T19:58:43.100+0000] {logging_mixin.py:188} INFO - [2024-07-20T19:58:43.099+0000] {dagbag.py:355} ERROR - Failed to import: /opt/airflow/dags/pipeline.py
Traceback (most recent call last):
  File "/home/airflow/.local/lib/python3.12/site-packages/airflow/models/dagbag.py", line 351, in parse
    loader.exec_module(new_module)
  File "<frozen importlib._bootstrap_external>", line 995, in exec_module
  File "<frozen importlib._bootstrap>", line 488, in _call_with_frames_removed
  File "/opt/airflow/dags/pipeline.py", line 5, in <module>
    from DAGs.scripts.csv_global_var import _LANDED, _PROCESSED, _CLEANED, _MYSQL_CSVS_DIR, _SQL_TABLES_INIT, _SQL_STAGING, _SQL_TRANSFORM_LOAD, _SQL_UPDATE_VIEW
ModuleNotFoundError: No module named 'DAGs'
[2024-07-20T19:58:43.100+0000] {processor.py:842} WARNING - No viable dags retrieved from /opt/airflow/dags/pipeline.py
[2024-07-20T19:58:43.141+0000] {processor.py:183} INFO - Processing /opt/airflow/dags/pipeline.py took 0.054 seconds
[2024-07-20T19:59:13.323+0000] {processor.py:161} INFO - Started process (PID=1050) to work on /opt/airflow/dags/pipeline.py
[2024-07-20T19:59:13.355+0000] {processor.py:830} INFO - Processing file /opt/airflow/dags/pipeline.py for tasks to queue
[2024-07-20T19:59:13.361+0000] {logging_mixin.py:188} INFO - [2024-07-20T19:59:13.360+0000] {dagbag.py:545} INFO - Filling up the DagBag from /opt/airflow/dags/pipeline.py
[2024-07-20T19:59:13.365+0000] {logging_mixin.py:188} INFO - [2024-07-20T19:59:13.364+0000] {dagbag.py:355} ERROR - Failed to import: /opt/airflow/dags/pipeline.py
Traceback (most recent call last):
  File "/home/airflow/.local/lib/python3.12/site-packages/airflow/models/dagbag.py", line 351, in parse
    loader.exec_module(new_module)
  File "<frozen importlib._bootstrap_external>", line 995, in exec_module
  File "<frozen importlib._bootstrap>", line 488, in _call_with_frames_removed
  File "/opt/airflow/dags/pipeline.py", line 5, in <module>
    from DAGs.scripts.csv_global_var import _LANDED, _PROCESSED, _CLEANED, _MYSQL_CSVS_DIR, _SQL_TABLES_INIT, _SQL_STAGING, _SQL_TRANSFORM_LOAD, _SQL_UPDATE_VIEW
ModuleNotFoundError: No module named 'DAGs'
[2024-07-20T19:59:13.366+0000] {processor.py:842} WARNING - No viable dags retrieved from /opt/airflow/dags/pipeline.py
[2024-07-20T19:59:13.571+0000] {processor.py:183} INFO - Processing /opt/airflow/dags/pipeline.py took 0.257 seconds
[2024-07-20T20:03:06.329+0000] {processor.py:161} INFO - Started process (PID=164) to work on /opt/airflow/dags/pipeline.py
[2024-07-20T20:03:06.351+0000] {processor.py:830} INFO - Processing file /opt/airflow/dags/pipeline.py for tasks to queue
[2024-07-20T20:03:06.353+0000] {logging_mixin.py:188} INFO - [2024-07-20T20:03:06.352+0000] {dagbag.py:545} INFO - Filling up the DagBag from /opt/airflow/dags/pipeline.py
[2024-07-20T20:03:06.356+0000] {logging_mixin.py:188} INFO - [2024-07-20T20:03:06.355+0000] {dagbag.py:355} ERROR - Failed to import: /opt/airflow/dags/pipeline.py
Traceback (most recent call last):
  File "/home/airflow/.local/lib/python3.12/site-packages/airflow/models/dagbag.py", line 351, in parse
    loader.exec_module(new_module)
  File "<frozen importlib._bootstrap_external>", line 995, in exec_module
  File "<frozen importlib._bootstrap>", line 488, in _call_with_frames_removed
  File "/opt/airflow/dags/pipeline.py", line 5, in <module>
    from DAGs.scripts.csv_global_var import _LANDED, _PROCESSED, _CLEANED, _MYSQL_CSVS_DIR, _SQL_TABLES_INIT, _SQL_STAGING, _SQL_TRANSFORM_LOAD, _SQL_UPDATE_VIEW
ModuleNotFoundError: No module named 'DAGs'
[2024-07-20T20:03:06.357+0000] {processor.py:842} WARNING - No viable dags retrieved from /opt/airflow/dags/pipeline.py
[2024-07-20T20:03:06.565+0000] {processor.py:183} INFO - Processing /opt/airflow/dags/pipeline.py took 0.241 seconds
[2024-07-20T20:03:36.755+0000] {processor.py:161} INFO - Started process (PID=169) to work on /opt/airflow/dags/pipeline.py
[2024-07-20T20:03:36.756+0000] {processor.py:830} INFO - Processing file /opt/airflow/dags/pipeline.py for tasks to queue
[2024-07-20T20:03:36.760+0000] {logging_mixin.py:188} INFO - [2024-07-20T20:03:36.760+0000] {dagbag.py:545} INFO - Filling up the DagBag from /opt/airflow/dags/pipeline.py
[2024-07-20T20:03:36.768+0000] {logging_mixin.py:188} INFO - [2024-07-20T20:03:36.765+0000] {dagbag.py:355} ERROR - Failed to import: /opt/airflow/dags/pipeline.py
Traceback (most recent call last):
  File "/home/airflow/.local/lib/python3.12/site-packages/airflow/models/dagbag.py", line 351, in parse
    loader.exec_module(new_module)
  File "<frozen importlib._bootstrap_external>", line 995, in exec_module
  File "<frozen importlib._bootstrap>", line 488, in _call_with_frames_removed
  File "/opt/airflow/dags/pipeline.py", line 5, in <module>
    from DAGs.scripts.csv_global_var import _LANDED, _PROCESSED, _CLEANED, _MYSQL_CSVS_DIR, _SQL_TABLES_INIT, _SQL_STAGING, _SQL_TRANSFORM_LOAD, _SQL_UPDATE_VIEW
ModuleNotFoundError: No module named 'DAGs'
[2024-07-20T20:03:36.770+0000] {processor.py:842} WARNING - No viable dags retrieved from /opt/airflow/dags/pipeline.py
[2024-07-20T20:03:36.848+0000] {processor.py:183} INFO - Processing /opt/airflow/dags/pipeline.py took 0.106 seconds
[2024-07-20T20:04:06.919+0000] {processor.py:161} INFO - Started process (PID=174) to work on /opt/airflow/dags/pipeline.py
[2024-07-20T20:04:06.998+0000] {processor.py:830} INFO - Processing file /opt/airflow/dags/pipeline.py for tasks to queue
[2024-07-20T20:04:06.999+0000] {logging_mixin.py:188} INFO - [2024-07-20T20:04:06.999+0000] {dagbag.py:545} INFO - Filling up the DagBag from /opt/airflow/dags/pipeline.py
[2024-07-20T20:04:07.003+0000] {logging_mixin.py:188} INFO - [2024-07-20T20:04:07.002+0000] {dagbag.py:355} ERROR - Failed to import: /opt/airflow/dags/pipeline.py
Traceback (most recent call last):
  File "/home/airflow/.local/lib/python3.12/site-packages/airflow/models/dagbag.py", line 351, in parse
    loader.exec_module(new_module)
  File "<frozen importlib._bootstrap_external>", line 995, in exec_module
  File "<frozen importlib._bootstrap>", line 488, in _call_with_frames_removed
  File "/opt/airflow/dags/pipeline.py", line 5, in <module>
    from DAGs.scripts.csv_global_var import _LANDED, _PROCESSED, _CLEANED, _MYSQL_CSVS_DIR, _SQL_TABLES_INIT, _SQL_STAGING, _SQL_TRANSFORM_LOAD, _SQL_UPDATE_VIEW
ModuleNotFoundError: No module named 'DAGs'
[2024-07-20T20:04:07.004+0000] {processor.py:842} WARNING - No viable dags retrieved from /opt/airflow/dags/pipeline.py
[2024-07-20T20:04:07.259+0000] {processor.py:183} INFO - Processing /opt/airflow/dags/pipeline.py took 0.347 seconds
[2024-07-20T20:04:37.495+0000] {processor.py:161} INFO - Started process (PID=179) to work on /opt/airflow/dags/pipeline.py
[2024-07-20T20:04:37.496+0000] {processor.py:830} INFO - Processing file /opt/airflow/dags/pipeline.py for tasks to queue
[2024-07-20T20:04:37.497+0000] {logging_mixin.py:188} INFO - [2024-07-20T20:04:37.497+0000] {dagbag.py:545} INFO - Filling up the DagBag from /opt/airflow/dags/pipeline.py
[2024-07-20T20:04:37.500+0000] {logging_mixin.py:188} INFO - [2024-07-20T20:04:37.499+0000] {dagbag.py:355} ERROR - Failed to import: /opt/airflow/dags/pipeline.py
Traceback (most recent call last):
  File "/home/airflow/.local/lib/python3.12/site-packages/airflow/models/dagbag.py", line 351, in parse
    loader.exec_module(new_module)
  File "<frozen importlib._bootstrap_external>", line 995, in exec_module
  File "<frozen importlib._bootstrap>", line 488, in _call_with_frames_removed
  File "/opt/airflow/dags/pipeline.py", line 5, in <module>
    from DAGs.scripts.csv_global_var import _LANDED, _PROCESSED, _CLEANED, _MYSQL_CSVS_DIR, _SQL_TABLES_INIT, _SQL_STAGING, _SQL_TRANSFORM_LOAD, _SQL_UPDATE_VIEW
ModuleNotFoundError: No module named 'DAGs'
[2024-07-20T20:04:37.501+0000] {processor.py:842} WARNING - No viable dags retrieved from /opt/airflow/dags/pipeline.py
[2024-07-20T20:04:37.526+0000] {processor.py:183} INFO - Processing /opt/airflow/dags/pipeline.py took 0.036 seconds
[2024-07-20T20:05:07.675+0000] {processor.py:161} INFO - Started process (PID=184) to work on /opt/airflow/dags/pipeline.py
[2024-07-20T20:05:07.675+0000] {processor.py:830} INFO - Processing file /opt/airflow/dags/pipeline.py for tasks to queue
[2024-07-20T20:05:07.677+0000] {logging_mixin.py:188} INFO - [2024-07-20T20:05:07.677+0000] {dagbag.py:545} INFO - Filling up the DagBag from /opt/airflow/dags/pipeline.py
[2024-07-20T20:05:07.682+0000] {logging_mixin.py:188} INFO - [2024-07-20T20:05:07.680+0000] {dagbag.py:355} ERROR - Failed to import: /opt/airflow/dags/pipeline.py
Traceback (most recent call last):
  File "/home/airflow/.local/lib/python3.12/site-packages/airflow/models/dagbag.py", line 351, in parse
    loader.exec_module(new_module)
  File "<frozen importlib._bootstrap_external>", line 995, in exec_module
  File "<frozen importlib._bootstrap>", line 488, in _call_with_frames_removed
  File "/opt/airflow/dags/pipeline.py", line 5, in <module>
    from DAGs.scripts.csv_global_var import _LANDED, _PROCESSED, _CLEANED, _MYSQL_CSVS_DIR, _SQL_TABLES_INIT, _SQL_STAGING, _SQL_TRANSFORM_LOAD, _SQL_UPDATE_VIEW
ModuleNotFoundError: No module named 'DAGs'
[2024-07-20T20:05:07.682+0000] {processor.py:842} WARNING - No viable dags retrieved from /opt/airflow/dags/pipeline.py
[2024-07-20T20:05:07.727+0000] {processor.py:183} INFO - Processing /opt/airflow/dags/pipeline.py took 0.057 seconds
[2024-07-20T20:05:37.876+0000] {processor.py:161} INFO - Started process (PID=189) to work on /opt/airflow/dags/pipeline.py
[2024-07-20T20:05:37.876+0000] {processor.py:830} INFO - Processing file /opt/airflow/dags/pipeline.py for tasks to queue
[2024-07-20T20:05:37.878+0000] {logging_mixin.py:188} INFO - [2024-07-20T20:05:37.878+0000] {dagbag.py:545} INFO - Filling up the DagBag from /opt/airflow/dags/pipeline.py
[2024-07-20T20:05:37.881+0000] {logging_mixin.py:188} INFO - [2024-07-20T20:05:37.880+0000] {dagbag.py:355} ERROR - Failed to import: /opt/airflow/dags/pipeline.py
Traceback (most recent call last):
  File "/home/airflow/.local/lib/python3.12/site-packages/airflow/models/dagbag.py", line 351, in parse
    loader.exec_module(new_module)
  File "<frozen importlib._bootstrap_external>", line 995, in exec_module
  File "<frozen importlib._bootstrap>", line 488, in _call_with_frames_removed
  File "/opt/airflow/dags/pipeline.py", line 5, in <module>
    from DAGs.scripts.csv_global_var import _LANDED, _PROCESSED, _CLEANED, _MYSQL_CSVS_DIR, _SQL_TABLES_INIT, _SQL_STAGING, _SQL_TRANSFORM_LOAD, _SQL_UPDATE_VIEW
ModuleNotFoundError: No module named 'DAGs'
[2024-07-20T20:05:37.882+0000] {processor.py:842} WARNING - No viable dags retrieved from /opt/airflow/dags/pipeline.py
[2024-07-20T20:05:37.929+0000] {processor.py:183} INFO - Processing /opt/airflow/dags/pipeline.py took 0.058 seconds
[2024-07-20T20:06:08.119+0000] {processor.py:161} INFO - Started process (PID=194) to work on /opt/airflow/dags/pipeline.py
[2024-07-20T20:06:08.120+0000] {processor.py:830} INFO - Processing file /opt/airflow/dags/pipeline.py for tasks to queue
[2024-07-20T20:06:08.121+0000] {logging_mixin.py:188} INFO - [2024-07-20T20:06:08.121+0000] {dagbag.py:545} INFO - Filling up the DagBag from /opt/airflow/dags/pipeline.py
[2024-07-20T20:06:08.125+0000] {logging_mixin.py:188} INFO - [2024-07-20T20:06:08.123+0000] {dagbag.py:355} ERROR - Failed to import: /opt/airflow/dags/pipeline.py
Traceback (most recent call last):
  File "/home/airflow/.local/lib/python3.12/site-packages/airflow/models/dagbag.py", line 351, in parse
    loader.exec_module(new_module)
  File "<frozen importlib._bootstrap_external>", line 995, in exec_module
  File "<frozen importlib._bootstrap>", line 488, in _call_with_frames_removed
  File "/opt/airflow/dags/pipeline.py", line 5, in <module>
    from DAGs.scripts.csv_global_var import _LANDED, _PROCESSED, _CLEANED, _MYSQL_CSVS_DIR, _SQL_TABLES_INIT, _SQL_STAGING, _SQL_TRANSFORM_LOAD, _SQL_UPDATE_VIEW
ModuleNotFoundError: No module named 'DAGs'
[2024-07-20T20:06:08.126+0000] {processor.py:842} WARNING - No viable dags retrieved from /opt/airflow/dags/pipeline.py
[2024-07-20T20:06:08.163+0000] {processor.py:183} INFO - Processing /opt/airflow/dags/pipeline.py took 0.049 seconds
[2024-07-20T20:06:38.359+0000] {processor.py:161} INFO - Started process (PID=199) to work on /opt/airflow/dags/pipeline.py
[2024-07-20T20:06:38.361+0000] {processor.py:830} INFO - Processing file /opt/airflow/dags/pipeline.py for tasks to queue
[2024-07-20T20:06:38.362+0000] {logging_mixin.py:188} INFO - [2024-07-20T20:06:38.362+0000] {dagbag.py:545} INFO - Filling up the DagBag from /opt/airflow/dags/pipeline.py
[2024-07-20T20:06:38.366+0000] {logging_mixin.py:188} INFO - [2024-07-20T20:06:38.364+0000] {dagbag.py:355} ERROR - Failed to import: /opt/airflow/dags/pipeline.py
Traceback (most recent call last):
  File "/home/airflow/.local/lib/python3.12/site-packages/airflow/models/dagbag.py", line 351, in parse
    loader.exec_module(new_module)
  File "<frozen importlib._bootstrap_external>", line 995, in exec_module
  File "<frozen importlib._bootstrap>", line 488, in _call_with_frames_removed
  File "/opt/airflow/dags/pipeline.py", line 5, in <module>
    from DAGs.scripts.csv_global_var import _LANDED, _PROCESSED, _CLEANED, _MYSQL_CSVS_DIR, _SQL_TABLES_INIT, _SQL_STAGING, _SQL_TRANSFORM_LOAD, _SQL_UPDATE_VIEW
ModuleNotFoundError: No module named 'DAGs'
[2024-07-20T20:06:38.366+0000] {processor.py:842} WARNING - No viable dags retrieved from /opt/airflow/dags/pipeline.py
[2024-07-20T20:06:38.409+0000] {processor.py:183} INFO - Processing /opt/airflow/dags/pipeline.py took 0.068 seconds
[2024-07-20T20:07:08.577+0000] {processor.py:161} INFO - Started process (PID=204) to work on /opt/airflow/dags/pipeline.py
[2024-07-20T20:07:08.579+0000] {processor.py:830} INFO - Processing file /opt/airflow/dags/pipeline.py for tasks to queue
[2024-07-20T20:07:08.586+0000] {logging_mixin.py:188} INFO - [2024-07-20T20:07:08.584+0000] {dagbag.py:545} INFO - Filling up the DagBag from /opt/airflow/dags/pipeline.py
[2024-07-20T20:07:08.598+0000] {logging_mixin.py:188} INFO - [2024-07-20T20:07:08.595+0000] {dagbag.py:355} ERROR - Failed to import: /opt/airflow/dags/pipeline.py
Traceback (most recent call last):
  File "/home/airflow/.local/lib/python3.12/site-packages/airflow/models/dagbag.py", line 351, in parse
    loader.exec_module(new_module)
  File "<frozen importlib._bootstrap_external>", line 995, in exec_module
  File "<frozen importlib._bootstrap>", line 488, in _call_with_frames_removed
  File "/opt/airflow/dags/pipeline.py", line 5, in <module>
    from DAGs.scripts.csv_global_var import _LANDED, _PROCESSED, _CLEANED, _MYSQL_CSVS_DIR, _SQL_TABLES_INIT, _SQL_STAGING, _SQL_TRANSFORM_LOAD, _SQL_UPDATE_VIEW
ModuleNotFoundError: No module named 'DAGs'
[2024-07-20T20:07:08.602+0000] {processor.py:842} WARNING - No viable dags retrieved from /opt/airflow/dags/pipeline.py
[2024-07-20T20:07:08.700+0000] {processor.py:183} INFO - Processing /opt/airflow/dags/pipeline.py took 0.146 seconds
[2024-07-20T20:07:38.818+0000] {processor.py:161} INFO - Started process (PID=209) to work on /opt/airflow/dags/pipeline.py
[2024-07-20T20:07:38.819+0000] {processor.py:830} INFO - Processing file /opt/airflow/dags/pipeline.py for tasks to queue
[2024-07-20T20:07:38.820+0000] {logging_mixin.py:188} INFO - [2024-07-20T20:07:38.820+0000] {dagbag.py:545} INFO - Filling up the DagBag from /opt/airflow/dags/pipeline.py
[2024-07-20T20:07:38.823+0000] {logging_mixin.py:188} INFO - [2024-07-20T20:07:38.822+0000] {dagbag.py:355} ERROR - Failed to import: /opt/airflow/dags/pipeline.py
Traceback (most recent call last):
  File "/home/airflow/.local/lib/python3.12/site-packages/airflow/models/dagbag.py", line 351, in parse
    loader.exec_module(new_module)
  File "<frozen importlib._bootstrap_external>", line 995, in exec_module
  File "<frozen importlib._bootstrap>", line 488, in _call_with_frames_removed
  File "/opt/airflow/dags/pipeline.py", line 5, in <module>
    from DAGs.scripts.csv_global_var import _LANDED, _PROCESSED, _CLEANED, _MYSQL_CSVS_DIR, _SQL_TABLES_INIT, _SQL_STAGING, _SQL_TRANSFORM_LOAD, _SQL_UPDATE_VIEW
ModuleNotFoundError: No module named 'DAGs'
[2024-07-20T20:07:38.824+0000] {processor.py:842} WARNING - No viable dags retrieved from /opt/airflow/dags/pipeline.py
[2024-07-20T20:07:38.868+0000] {processor.py:183} INFO - Processing /opt/airflow/dags/pipeline.py took 0.055 seconds
[2024-07-20T20:08:08.994+0000] {processor.py:161} INFO - Started process (PID=214) to work on /opt/airflow/dags/pipeline.py
[2024-07-20T20:08:09.010+0000] {processor.py:830} INFO - Processing file /opt/airflow/dags/pipeline.py for tasks to queue
[2024-07-20T20:08:09.012+0000] {logging_mixin.py:188} INFO - [2024-07-20T20:08:09.012+0000] {dagbag.py:545} INFO - Filling up the DagBag from /opt/airflow/dags/pipeline.py
[2024-07-20T20:08:09.016+0000] {logging_mixin.py:188} INFO - [2024-07-20T20:08:09.014+0000] {dagbag.py:355} ERROR - Failed to import: /opt/airflow/dags/pipeline.py
Traceback (most recent call last):
  File "/home/airflow/.local/lib/python3.12/site-packages/airflow/models/dagbag.py", line 351, in parse
    loader.exec_module(new_module)
  File "<frozen importlib._bootstrap_external>", line 995, in exec_module
  File "<frozen importlib._bootstrap>", line 488, in _call_with_frames_removed
  File "/opt/airflow/dags/pipeline.py", line 5, in <module>
    from DAGs.scripts.csv_global_var import _LANDED, _PROCESSED, _CLEANED, _MYSQL_CSVS_DIR, _SQL_TABLES_INIT, _SQL_STAGING, _SQL_TRANSFORM_LOAD, _SQL_UPDATE_VIEW
ModuleNotFoundError: No module named 'DAGs'
[2024-07-20T20:08:09.016+0000] {processor.py:842} WARNING - No viable dags retrieved from /opt/airflow/dags/pipeline.py
[2024-07-20T20:08:09.058+0000] {processor.py:183} INFO - Processing /opt/airflow/dags/pipeline.py took 0.069 seconds
[2024-07-20T20:08:39.274+0000] {processor.py:161} INFO - Started process (PID=219) to work on /opt/airflow/dags/pipeline.py
[2024-07-20T20:08:39.300+0000] {processor.py:830} INFO - Processing file /opt/airflow/dags/pipeline.py for tasks to queue
[2024-07-20T20:08:39.302+0000] {logging_mixin.py:188} INFO - [2024-07-20T20:08:39.301+0000] {dagbag.py:545} INFO - Filling up the DagBag from /opt/airflow/dags/pipeline.py
[2024-07-20T20:08:39.304+0000] {logging_mixin.py:188} INFO - [2024-07-20T20:08:39.303+0000] {dagbag.py:355} ERROR - Failed to import: /opt/airflow/dags/pipeline.py
Traceback (most recent call last):
  File "/home/airflow/.local/lib/python3.12/site-packages/airflow/models/dagbag.py", line 351, in parse
    loader.exec_module(new_module)
  File "<frozen importlib._bootstrap_external>", line 995, in exec_module
  File "<frozen importlib._bootstrap>", line 488, in _call_with_frames_removed
  File "/opt/airflow/dags/pipeline.py", line 5, in <module>
    from DAGs.scripts.csv_global_var import _LANDED, _PROCESSED, _CLEANED, _MYSQL_CSVS_DIR, _SQL_TABLES_INIT, _SQL_STAGING, _SQL_TRANSFORM_LOAD, _SQL_UPDATE_VIEW
ModuleNotFoundError: No module named 'DAGs'
[2024-07-20T20:08:39.305+0000] {processor.py:842} WARNING - No viable dags retrieved from /opt/airflow/dags/pipeline.py
[2024-07-20T20:08:39.359+0000] {processor.py:183} INFO - Processing /opt/airflow/dags/pipeline.py took 0.090 seconds
[2024-07-20T20:09:09.460+0000] {processor.py:161} INFO - Started process (PID=224) to work on /opt/airflow/dags/pipeline.py
[2024-07-20T20:09:09.481+0000] {processor.py:830} INFO - Processing file /opt/airflow/dags/pipeline.py for tasks to queue
[2024-07-20T20:09:09.486+0000] {logging_mixin.py:188} INFO - [2024-07-20T20:09:09.485+0000] {dagbag.py:545} INFO - Filling up the DagBag from /opt/airflow/dags/pipeline.py
[2024-07-20T20:09:09.491+0000] {logging_mixin.py:188} INFO - [2024-07-20T20:09:09.489+0000] {dagbag.py:355} ERROR - Failed to import: /opt/airflow/dags/pipeline.py
Traceback (most recent call last):
  File "/home/airflow/.local/lib/python3.12/site-packages/airflow/models/dagbag.py", line 351, in parse
    loader.exec_module(new_module)
  File "<frozen importlib._bootstrap_external>", line 995, in exec_module
  File "<frozen importlib._bootstrap>", line 488, in _call_with_frames_removed
  File "/opt/airflow/dags/pipeline.py", line 5, in <module>
    from DAGs.scripts.csv_global_var import _LANDED, _PROCESSED, _CLEANED, _MYSQL_CSVS_DIR, _SQL_TABLES_INIT, _SQL_STAGING, _SQL_TRANSFORM_LOAD, _SQL_UPDATE_VIEW
ModuleNotFoundError: No module named 'DAGs'
[2024-07-20T20:09:09.492+0000] {processor.py:842} WARNING - No viable dags retrieved from /opt/airflow/dags/pipeline.py
[2024-07-20T20:09:09.538+0000] {processor.py:183} INFO - Processing /opt/airflow/dags/pipeline.py took 0.085 seconds
[2024-07-20T20:09:39.690+0000] {processor.py:161} INFO - Started process (PID=229) to work on /opt/airflow/dags/pipeline.py
[2024-07-20T20:09:39.706+0000] {processor.py:830} INFO - Processing file /opt/airflow/dags/pipeline.py for tasks to queue
[2024-07-20T20:09:39.708+0000] {logging_mixin.py:188} INFO - [2024-07-20T20:09:39.707+0000] {dagbag.py:545} INFO - Filling up the DagBag from /opt/airflow/dags/pipeline.py
[2024-07-20T20:09:39.710+0000] {logging_mixin.py:188} INFO - [2024-07-20T20:09:39.710+0000] {dagbag.py:355} ERROR - Failed to import: /opt/airflow/dags/pipeline.py
Traceback (most recent call last):
  File "/home/airflow/.local/lib/python3.12/site-packages/airflow/models/dagbag.py", line 351, in parse
    loader.exec_module(new_module)
  File "<frozen importlib._bootstrap_external>", line 995, in exec_module
  File "<frozen importlib._bootstrap>", line 488, in _call_with_frames_removed
  File "/opt/airflow/dags/pipeline.py", line 5, in <module>
    from DAGs.scripts.csv_global_var import _LANDED, _PROCESSED, _CLEANED, _MYSQL_CSVS_DIR, _SQL_TABLES_INIT, _SQL_STAGING, _SQL_TRANSFORM_LOAD, _SQL_UPDATE_VIEW
ModuleNotFoundError: No module named 'DAGs'
[2024-07-20T20:09:39.711+0000] {processor.py:842} WARNING - No viable dags retrieved from /opt/airflow/dags/pipeline.py
[2024-07-20T20:09:39.740+0000] {processor.py:183} INFO - Processing /opt/airflow/dags/pipeline.py took 0.055 seconds
[2024-07-20T20:10:09.877+0000] {processor.py:161} INFO - Started process (PID=234) to work on /opt/airflow/dags/pipeline.py
[2024-07-20T20:10:09.885+0000] {processor.py:830} INFO - Processing file /opt/airflow/dags/pipeline.py for tasks to queue
[2024-07-20T20:10:09.887+0000] {logging_mixin.py:188} INFO - [2024-07-20T20:10:09.887+0000] {dagbag.py:545} INFO - Filling up the DagBag from /opt/airflow/dags/pipeline.py
[2024-07-20T20:10:09.891+0000] {logging_mixin.py:188} INFO - [2024-07-20T20:10:09.890+0000] {dagbag.py:355} ERROR - Failed to import: /opt/airflow/dags/pipeline.py
Traceback (most recent call last):
  File "/home/airflow/.local/lib/python3.12/site-packages/airflow/models/dagbag.py", line 351, in parse
    loader.exec_module(new_module)
  File "<frozen importlib._bootstrap_external>", line 995, in exec_module
  File "<frozen importlib._bootstrap>", line 488, in _call_with_frames_removed
  File "/opt/airflow/dags/pipeline.py", line 5, in <module>
    from DAGs.scripts.csv_global_var import _LANDED, _PROCESSED, _CLEANED, _MYSQL_CSVS_DIR, _SQL_TABLES_INIT, _SQL_STAGING, _SQL_TRANSFORM_LOAD, _SQL_UPDATE_VIEW
ModuleNotFoundError: No module named 'DAGs'
[2024-07-20T20:10:09.891+0000] {processor.py:842} WARNING - No viable dags retrieved from /opt/airflow/dags/pipeline.py
[2024-07-20T20:10:09.930+0000] {processor.py:183} INFO - Processing /opt/airflow/dags/pipeline.py took 0.059 seconds
[2024-07-20T20:10:40.082+0000] {processor.py:161} INFO - Started process (PID=239) to work on /opt/airflow/dags/pipeline.py
[2024-07-20T20:10:40.083+0000] {processor.py:830} INFO - Processing file /opt/airflow/dags/pipeline.py for tasks to queue
[2024-07-20T20:10:40.084+0000] {logging_mixin.py:188} INFO - [2024-07-20T20:10:40.084+0000] {dagbag.py:545} INFO - Filling up the DagBag from /opt/airflow/dags/pipeline.py
[2024-07-20T20:10:40.087+0000] {logging_mixin.py:188} INFO - [2024-07-20T20:10:40.086+0000] {dagbag.py:355} ERROR - Failed to import: /opt/airflow/dags/pipeline.py
Traceback (most recent call last):
  File "/home/airflow/.local/lib/python3.12/site-packages/airflow/models/dagbag.py", line 351, in parse
    loader.exec_module(new_module)
  File "<frozen importlib._bootstrap_external>", line 995, in exec_module
  File "<frozen importlib._bootstrap>", line 488, in _call_with_frames_removed
  File "/opt/airflow/dags/pipeline.py", line 5, in <module>
    from DAGs.scripts.csv_global_var import _LANDED, _PROCESSED, _CLEANED, _MYSQL_CSVS_DIR, _SQL_TABLES_INIT, _SQL_STAGING, _SQL_TRANSFORM_LOAD, _SQL_UPDATE_VIEW
ModuleNotFoundError: No module named 'DAGs'
[2024-07-20T20:10:40.088+0000] {processor.py:842} WARNING - No viable dags retrieved from /opt/airflow/dags/pipeline.py
[2024-07-20T20:10:40.109+0000] {processor.py:183} INFO - Processing /opt/airflow/dags/pipeline.py took 0.034 seconds
[2024-07-20T20:11:10.246+0000] {processor.py:161} INFO - Started process (PID=244) to work on /opt/airflow/dags/pipeline.py
[2024-07-20T20:11:10.259+0000] {processor.py:830} INFO - Processing file /opt/airflow/dags/pipeline.py for tasks to queue
[2024-07-20T20:11:10.261+0000] {logging_mixin.py:188} INFO - [2024-07-20T20:11:10.260+0000] {dagbag.py:545} INFO - Filling up the DagBag from /opt/airflow/dags/pipeline.py
[2024-07-20T20:11:10.263+0000] {logging_mixin.py:188} INFO - [2024-07-20T20:11:10.263+0000] {dagbag.py:355} ERROR - Failed to import: /opt/airflow/dags/pipeline.py
Traceback (most recent call last):
  File "/home/airflow/.local/lib/python3.12/site-packages/airflow/models/dagbag.py", line 351, in parse
    loader.exec_module(new_module)
  File "<frozen importlib._bootstrap_external>", line 995, in exec_module
  File "<frozen importlib._bootstrap>", line 488, in _call_with_frames_removed
  File "/opt/airflow/dags/pipeline.py", line 5, in <module>
    from DAGs.scripts.csv_global_var import _LANDED, _PROCESSED, _CLEANED, _MYSQL_CSVS_DIR, _SQL_TABLES_INIT, _SQL_STAGING, _SQL_TRANSFORM_LOAD, _SQL_UPDATE_VIEW
ModuleNotFoundError: No module named 'DAGs'
[2024-07-20T20:11:10.264+0000] {processor.py:842} WARNING - No viable dags retrieved from /opt/airflow/dags/pipeline.py
[2024-07-20T20:11:10.299+0000] {processor.py:183} INFO - Processing /opt/airflow/dags/pipeline.py took 0.058 seconds
[2024-07-20T20:11:40.397+0000] {processor.py:161} INFO - Started process (PID=249) to work on /opt/airflow/dags/pipeline.py
[2024-07-20T20:11:40.398+0000] {processor.py:830} INFO - Processing file /opt/airflow/dags/pipeline.py for tasks to queue
[2024-07-20T20:11:40.399+0000] {logging_mixin.py:188} INFO - [2024-07-20T20:11:40.399+0000] {dagbag.py:545} INFO - Filling up the DagBag from /opt/airflow/dags/pipeline.py
[2024-07-20T20:11:40.402+0000] {logging_mixin.py:188} INFO - [2024-07-20T20:11:40.401+0000] {dagbag.py:355} ERROR - Failed to import: /opt/airflow/dags/pipeline.py
Traceback (most recent call last):
  File "/home/airflow/.local/lib/python3.12/site-packages/airflow/models/dagbag.py", line 351, in parse
    loader.exec_module(new_module)
  File "<frozen importlib._bootstrap_external>", line 995, in exec_module
  File "<frozen importlib._bootstrap>", line 488, in _call_with_frames_removed
  File "/opt/airflow/dags/pipeline.py", line 5, in <module>
    from DAGs.scripts.csv_global_var import _LANDED, _PROCESSED, _CLEANED, _MYSQL_CSVS_DIR, _SQL_TABLES_INIT, _SQL_STAGING, _SQL_TRANSFORM_LOAD, _SQL_UPDATE_VIEW
ModuleNotFoundError: No module named 'DAGs'
[2024-07-20T20:11:40.403+0000] {processor.py:842} WARNING - No viable dags retrieved from /opt/airflow/dags/pipeline.py
[2024-07-20T20:11:40.423+0000] {processor.py:183} INFO - Processing /opt/airflow/dags/pipeline.py took 0.031 seconds
